lap_index,sector_time,avg_line_distance,dist_to_apex1,dist_to_apex2,avg_brake_pressure,avg_throttle_pressure,peak_brake_pressure,peak_throttle_pressure,brake_x,brake_y,brake_pressure,turn_x,turn_y,steering_angle
238,10.9,1.1351125760095542,2.082149039829301,2.82020266391095,0.07236527826437013,0.8239697977851094,1.0,1.0,319.9695717979848,268.90667046384726,0.7939767554062677,370.61619481981273,213.35966685293613,0.2154810190612453
379,11.745,1.3534847673335502,3.0591811773100264,2.1318881631669493,0.11896742347100207,0.835857117770952,1.0,1.0,330.37957458458743,258.08548349897393,0.9754882161170728,376.99446885308254,198.63348561951693,0.4214967465846762
865,10.71,1.4195242827191854,0.2660960506379123,1.2814313571790117,0.11928224202135454,0.8631821139341558,1.0,1.0,326.9203953775236,261.7036050790504,1.0,369.806583292784,78.08083993219145,-0.2036687476158165
866,10.861,1.301678986606238,3.2553718697046903,1.518806374589114,0.1393715482141259,0.8597492218528168,1.0,1.0,311.4948955476485,277.41292696509237,1.0,367.8613088788777,110.2840207120798,-0.2022199428755871
336,10.711,1.3743669658468534,3.5212876466652197,0.3081136053250687,0.10501503263379558,0.8811095701640903,1.0,1.0,309.20420355902775,277.9171202256944,1.0,367.17650253645337,108.31779115917928,-0.2010902215910726
255,10.561,1.355070720688986,0.28877621790246377,0.1045454245624015,0.11100831363117378,0.871480944518389,1.0,1.0,332.53888139067215,256.0018402351375,1.0,375.2308438182821,192.71348644246524,0.2538791229668267
461,10.56,1.5556503768459442,2.7052896808310334,0.4368747092314316,0.11756220844236215,0.869828895248393,1.0,1.0,373.65938702795313,207.89217859016287,0.4512094405734236,373.65938702795313,207.89217859016287,0.360190877975409
91,10.41,1.090285352814915,1.145704907242578,1.184192000219713,0.10281561087875571,0.8682954776328408,1.0,1.0,342.13085246353694,245.77430845850665,1.0,377.49486403873135,185.23721849313975,0.4165684300484961
252,11.395,1.5613058655880356,4.090030851205955,0.6147572710461524,0.14623404477034152,0.7805141541243034,1.0,1.0,308.06695758631633,283.94339899250025,1.0,361.2256204780345,225.2236264021832,0.2530350484618651
1009,12.450000000000001,6.185009809480667,1.526034458246144,11.864417301326737,0.17384385371111494,0.7161820251637818,1.0,1.0,348.64515956937083,230.9360270395782,0.9146118029233616,348.64515956937083,230.9360270395782,0.2069513391599828
430,123.878,2.9502808533706717,4.009199102442674,0.13906701091871823,0.06461470123576396,0.6910352690023461,1.0,1.0,300.11959177871546,284.3434234834344,0.5623860795532882,478.86923079294655,-40.972146935222426,-0.2511955268395135
653,17.9,5.380502840094295,0.7018065257883167,5.019093014204197,0.06697964860200614,0.3487081194387804,0.5230193138122559,0.4542610645294189,380.3439717785319,180.4617692651344,0.5221263718529882,380.1859536763697,107.3783098769395,-0.2777727887433985
1039,10.7,1.0681669995241798,1.3395235613068022,2.903272779618288,0.13043705798225902,0.8776835717578888,1.0,1.0,357.0652316657972,229.56031145347768,1.0,377.84515701169374,162.97265873549273,0.282451193661465
451,10.411,0.8152460142377059,0.43908289715080817,0.22209762423079354,0.0976644610598275,0.8640934522499014,1.0,1.0,304.1659458222896,282.78014150700005,0.2036634110002413,374.4019463272884,198.7107985931802,0.2901863370811569
354,10.695,2.887762010938518,14.064297044481089,0.7951326650626829,0.08250157524430532,0.8267016080190913,1.0,1.0,306.9698986505611,281.36626502124153,0.9798460957618272,366.72046908303406,124.60940584997913,-0.210839097523343
37,11.293999999999999,1.2052305446412255,2.1452155042280885,0.19888677001580676,0.09574916728319721,0.8237205748679982,1.0,1.0,354.0269200588044,233.61519811362808,1.0,359.8468573362848,226.6771184364675,0.2451229333533287
36,11.845,1.5912045134199295,5.031693000290211,1.4540893255297014,0.0716463724496029,0.7333792344499451,0.8999999761581421,1.0,317.58449503577344,272.19868928619206,0.6539390787450782,358.4586379199249,232.4331258474103,0.2688443891923154
902,10.51,1.0059141365929227,1.9960772206152007,2.2724096132463756,0.10168648924670874,0.8788040677466111,1.0,1.0,307.9839740341589,279.5348409753164,1.0,364.46487560239,222.81030097726648,0.2524333383454698
293,10.561,1.033883988350234,0.9885618286757603,1.7238280836963644,0.08874211427196402,0.858072184454594,1.0,1.0,301.3285609597178,285.60147651761883,0.9426336375488916,360.4251520630237,227.27176528399153,0.2065643474611038
753,11.061,1.00838795094214,1.6169800716901388,0.5591279526014392,0.09911906705553096,0.7917170966884769,0.9571233987808228,1.0,339.7529821495148,247.63272283269663,0.7362500353328146,377.37368518927417,190.69543462060517,0.4926755967977884
258,10.444,0.941049233021983,0.27049505061399876,0.11029772446870252,0.09068642563171184,0.849544874053378,1.0,1.0,310.65148811774804,276.53705622297207,1.0,375.5826691677307,192.7904671645026,0.3844022778523959
1049,11.05,1.5141002014707392,2.701293697135286,1.6335543279734783,0.10371903831798208,0.8185979995853493,1.0,0.9407339692115784,358.935461288594,228.61194147890225,1.0,358.935461288594,228.61194147890225,0.2588061685453615
172,11.411000000000001,1.1552558102501496,4.971908520278831,0.09875708350774215,0.1145675883660908,0.8731914335881183,1.0,1.0,322.0471554375832,265.2965227111584,1.0,375.61736457411854,205.6028582269903,0.3724775040370881
218,10.360000000000001,1.007393494464037,0.513010683795434,0.5243053153099864,0.09933116808154409,0.8495262122457318,1.0,1.0,325.3372289455684,262.9446454886175,1.0,371.94289551822806,206.1318958464743,0.2610480417672277
1008,13.383,3.787254614080304,2.346161738863545,3.613624200235416,0.09930187437182185,0.692527304125024,0.6913320913231668,1.0,320.99630145314717,262.76554813276084,0.6472159573309479,380.5071019291728,179.20494945558727,0.4653424672967196
256,11.294,1.0844607608797212,1.078440804842748,0.21949726818520268,0.11300744667908388,0.8009536586548605,1.0,1.0,350.40745979247276,238.50421674136504,1.0,379.45645958177573,169.69275897058162,0.2949548765324916
128,10.411000000000001,0.7905987877970105,1.3914373728979101,0.11415709354443801,0.09004047502816209,0.8559749711725649,1.0,1.0,359.0363774847972,228.71582889961655,0.2331155527976054,369.52309158588207,86.22175005518397,-0.2089466563800519
559,10.61,1.3554033407218091,2.4522367092077855,1.8003601040556358,0.10724775083242848,0.8703101848391364,1.0,1.0,349.6490232506425,239.1594341912116,1.0,377.5680372234024,193.9416560669925,0.4370568465826257
25,11.261,0.9267822858592595,4.618070062040311,0.13208593369585397,0.1369439770469607,0.8606023923063132,1.0,1.0,348.86969053448865,239.79229417982424,1.0,380.7599572277792,171.19891926113473,0.5630275291327148
97,11.895999999999999,5.0524516575965475,22.445694692044867,0.6137301843627495,0.07204877881706752,0.8449848975987018,0.8999999761581421,1.0,317.61440719413446,272.229222313762,0.8999999761581421,349.2799095661288,205.48221368800424,-0.3488346724324726
386,11.0,0.8917624540346275,1.0452311140808521,0.29943495327945524,0.09474062034888993,0.8049888433352996,1.0,1.0,299.47266825791525,288.0017621425116,0.3447550964838065,361.44216033948294,226.88095399690047,0.2025196943406182
647,10.711,1.030439189544809,1.2634643445665859,0.6045653271723341,0.10217782066816897,0.8631197079702578,1.0,1.0,315.7271114861959,271.7128561756152,1.0,370.2311772238811,210.10735443140024,0.2080850574323358
163,10.809999999999999,1.37940260705557,0.6897943697012799,0.8430629478062557,0.11341588164094928,0.8483821424980054,1.0,1.0,338.31994009779993,250.46775172446252,1.0,375.1461275544253,190.20536545860767,0.5864711172512915
750,14.100000000000001,1.7387685769554406,1.2394553326879627,3.4269589803969254,0.004186337014104045,0.33736887244302016,0.0876948176891851,0.6350346803665161,,,0.0,,,0.0
291,10.444,0.8829156939849264,1.0937316596450313,1.2098326883862622,0.10276959396873792,0.8768551271887584,1.0,1.0,324.43510664535256,263.4496620270796,1.0,368.4700732394192,215.45503763008264,0.326674362880136
803,10.51,0.8890861135671354,2.2367387401386507,0.9358593726687817,0.09858915817341955,0.8674313681402908,1.0,1.0,351.5883894257378,238.28607997658227,1.0,375.95288372726026,199.8552611270522,0.3926645810924632
342,11.511,2.1418816385620754,8.772692313420617,9.848397716012867,0.06561714507468185,0.6303002598286899,0.4820245675493085,0.9517967700958252,316.00213205747366,271.9977206137527,0.3492351606207986,369.8300723433949,215.4144781974101,0.3821042318915884
669,11.795,1.128361024121259,5.352162459482157,0.11408902252478663,0.15223532771661674,0.7993154054651892,1.0,1.0,364.087054111632,225.2906489793392,1.0,364.087054111632,225.2906489793392,0.2646837109958239
20,10.894,1.178582036359909,2.7746805507765187,0.6386855838774385,0.1178434315215533,0.8829929663690333,1.0,1.0,353.42006858255,235.86375920857407,1.0,378.45486291295185,190.70303358024353,0.4304642677304388
41,10.9,2.732753107813799,1.0767763559080124,2.543231888421634,0.021420512835469297,0.727851557594857,0.2399645194702357,0.9308613538742064,370.0339960760456,204.17336618311336,0.2326061404284431,372.8495638364062,196.78927386348744,0.5159762211563182
56,68.944,1.8347636227686837,5.391349859475694,1.5595912524383464,0.06338785505057379,0.9089260730326174,1.0,1.0,340.465044424898,245.49124291755032,0.3914415375162187,370.966097639779,187.76775558531295,0.2589125030108745
1073,11.433,1.6661879771424823,0.9951809121215609,2.8265035237045844,0.022701067027239067,0.5480285025449382,0.1381072405267429,1.0,,,0.0,378.8596889083372,159.4002659581045,0.5295971867162144
1065,10.55,1.2436270641803966,2.3010517736175857,0.9292591374890956,0.09506547049695982,0.8604431139993036,1.0,1.0,286.69655378933913,300.6726092114204,0.9714326293030672,360.4310420231918,228.71369769851728,0.2446503319035216
548,16.75,3.1776516284116036,2.6301172597909037,2.5451190043325735,0.05578280246046783,0.340017523780514,0.5958901700436582,0.4812847971916199,311.750807602477,271.90890599658866,0.3380049658944348,379.12332701134847,181.18531888567088,0.4520597289578959
118,10.645,1.665801066875895,0.7496877811700404,0.21961600331865147,0.11320436157291341,0.8526708955953689,1.0,1.0,374.12872502773615,195.4650750462013,0.2000249624252319,374.12872502773615,195.4650750462013,0.3757565283581991
560,10.71,1.0676914195549938,1.6329680081161038,0.32596077940215956,0.11317097149873263,0.8918367274533353,1.0,1.0,340.84406589749267,247.32205445817223,1.0,372.5879671974164,208.22601939564169,0.3046134469048353
963,10.694,0.8967124651173446,1.8281795288983804,1.0738129008951618,0.11339068946298744,0.8749478629871609,1.0,1.0,314.7570405847886,273.5890289007449,0.3842271003653021,367.6051695983944,216.0020272399279,0.4049766676671657
764,10.494,0.9752499763407849,1.0010509633797442,2.063388576482358,0.09478328638071006,0.8434705210361743,0.9688208146539276,1.0,314.47118593224496,274.7342145295421,0.4244332240835968,364.45858247925327,221.37201080101443,0.345542641736664
569,72.69399999999999,0.6201424508890534,1.901527668572302,19.355723609444972,0.01284401692507229,0.14056878595857203,0.2664223428103924,0.3986419439315796,367.4992010424249,109.3027679566488,0.207696475361388,367.4992010424249,109.3027679566488,0.210666438762491
394,11.996,2.0411190249380553,0.4319663041544976,6.228810844362803,0.11138049212525429,0.814011996610294,1.0,1.0,304.484585827252,283.11162127829266,1.0,376.5001680297412,165.71959900900933,0.3589258412474953
333,10.744,1.26472465334637,0.8285300621104036,0.39560644041417903,0.1144903295039786,0.8485234005165174,1.0,1.0,335.75850074555814,252.13532688347289,1.0,359.800956616448,226.6302691294846,0.2551163528960885
438,19.849999999999998,7.0583407276173435,6.760089473223822,9.692101656006392,0.0,0.29963449520386326,0.0,0.496879518032074,,,0.0,400.67245092919006,123.76317561331823,0.8043267342260169
164,10.911000000000001,1.0629205289591943,2.231520593542974,0.9822151422316747,0.0889958127408539,0.8833813312328822,1.0,1.0,326.3408705614913,262.5438459066486,1.0,375.38289221392824,201.46860108649287,0.6157720794830178
257,10.393,0.9605727357991068,0.5757166125727432,0.4795128302872951,0.09247015764940597,0.8510994140419798,1.0,1.0,302.94228418207325,284.39422537837817,0.2612377850162866,367.91557601549994,216.31893753528212,0.3196714045860177
816,10.6,0.7514110590726691,1.8976224793689547,0.43419080269825017,0.09578075848200535,0.8504849965383338,1.0,1.0,343.87159301102304,246.1355363804856,1.0,359.37491668344575,230.50032172291128,0.2011720934005849
314,15.450000000000001,4.121757635965809,1.756264914752674,5.587849869925515,0.06610672494868138,0.35183173601070433,0.4071730375289917,0.7506326489954858,344.6184856404363,236.83969808740187,0.3474613322250508,377.362161760588,178.7083936211174,0.2669140138509544
869,16.2,1.0252353910756045,1.4430707234265534,0.5132933669251839,0.014798559512087372,0.26313794641698734,0.2903782936537488,0.637179579597424,356.457164674414,231.80862136685576,0.2742933744432731,375.52799590909353,198.6213745086338,0.2550519649189898
403,11.044,1.2172092372620351,0.40098635411959227,2.3221394337342485,0.09065647484544247,0.8312010689257844,1.0,1.0,333.0805960959425,255.12266647581524,1.0,377.7474665731938,63.364922774465455,-0.2047790896164621
1066,10.399999999999999,1.003368824701161,1.0884640436728563,0.8268876662936311,0.08913132920795132,0.8712128384012594,0.8905932415212248,1.0,332.17490995609444,257.0644120447783,0.886201428888518,376.1546902206709,194.19855943458745,0.3004933509604146
817,10.85,2.3698733928032913,2.27528530672414,0.9087764547968388,0.08987789011888028,0.8278627773426747,0.7776523404297498,1.0,279.9447719053005,306.6127221104617,0.2057143519761324,369.88704192461705,141.62444761552464,-0.2014200049372795
431,5.149000000000001,1.1002374042400955,72.06753331479959,2.876456430358763,0.0,0.9251350930410109,0.0,0.9269822185712,,,0.0,,,0.0
251,10.894,1.1097802171268665,0.43806921198799853,2.816706030737245,0.11625780008360691,0.8591716314050493,1.0,1.0,314.09917106737385,274.3481821286948,0.5248054336861607,367.7269189986764,214.69693649162363,0.7014330916323708
35,11.095,2.924389246577392,2.4926413023353415,0.35326698957584207,0.12870315277528416,0.8255486093111633,1.0,1.0,304.41878853907366,280.15638850774843,0.8408425291667048,357.09480648975716,226.7186569597648,0.216222048180572
818,10.85,2.6225062930154928,1.7079772588067623,3.9999584408194844,0.08906701351524018,0.7879983682552266,0.801836547695894,1.0,299.231773766806,287.7509185081305,0.801836547695894,360.90138980557725,224.89079839049973,0.2248078136050017
1003,10.299999999999999,5.216341923939456,15.745744648286925,4.829832942419464,0.07659690442948755,0.8016251701175358,0.5491324663162231,1.0,346.5029089828717,230.162047626491,0.4616227644257639,386.0869143014127,46.616599017728895,-0.205153108434644
119,10.494,0.9013788558210204,1.92845467443076,2.1499993583299286,0.09875455921006954,0.8744644980032994,1.0,1.0,318.264642922275,270.0209386545204,1.0,378.4407825585768,175.80241247145693,0.2949447203540636
129,11.061,1.4414821063565204,5.171837680014408,0.5245152224364911,0.11348085720485544,0.8615849201252962,1.0,1.0,347.24900268499124,240.9949676833155,1.0,381.4021859866137,173.05597044470713,0.317680239328864
335,11.394,1.9213376209759176,3.9720131250989383,0.24768986717672553,0.1359333903029509,0.8782201991038063,1.0,1.0,319.2420854092631,269.59355126462106,1.0,375.4741001716972,205.45547856424747,0.3740225595695402
121,11.033999999999999,1.5945130409872357,1.7731237577040506,0.9545123822953949,0.11590008888353816,0.7798233772179417,1.0,1.0,335.0934134510216,252.8867762527646,0.7471166514534903,375.7574174490393,184.39801885357767,0.2073508820870486
23,11.543999999999999,1.110249778549813,4.98621075059267,2.188591821729972,0.1512321653661545,0.8428151851281905,1.0,1.0,320.2183580377007,269.16499579157954,0.8974342747967056,373.7091117338772,210.80599638853596,0.8107703705375056
846,12.296,2.5304217746836226,3.98897917393863,3.1851520486140013,0.10921388228866931,0.7842728802337976,0.8508539795875549,1.0,357.03850028441127,230.97011825718832,0.825871467590332,379.11267698913053,183.42654976724577,0.2740936293697156
169,14.5,3.0525533603784156,1.433934338737748,2.2332088580792733,0.045247972856073466,0.40917342726569417,0.614310622215271,0.6559243202209473,312.2566084964986,272.4341814839746,0.4426295326900727,374.9500809207263,187.52004908399604,0.2247108998590282
382,11.462,1.210540629741184,2.5753309763382655,2.9731594880456114,0.12430637737677265,0.8496843346364142,0.9918480515480042,1.0,318.5146747804388,268.8386531373448,0.9172451456836328,367.8411736504056,217.67270548934684,0.5190627673570597
792,10.501,0.9909053490251433,0.5316787418067848,0.578758371541024,0.11106647506981733,0.8502050882562237,1.0,1.0,333.8259188440554,255.8937989558136,1.0,376.9164625517343,170.9899973399502,0.2076933920695693
299,10.4,1.4556658826186548,0.875310046040057,0.6787881783755709,0.07849443233767744,0.8254047408576792,0.7650920356390009,1.0,291.1697276600491,296.6844979985322,0.3355423336963982,372.0234970903307,207.6473285891968,0.3054860974387299
5,10.411,1.6014828500682488,0.24448486467523722,0.36657134608322045,0.11188072579398277,0.8500252494765137,1.0,1.0,355.1249204384193,233.3102195275572,1.0,375.76740770115384,169.35092319027817,0.2693614530057987
1002,12.683,4.200222671218594,3.6863697856285143,7.849643347386342,0.043848881108418794,0.4747863071428657,0.2462363908780958,1.0,308.5245762392064,271.4412081464525,0.2428260311572154,364.4635457076242,209.93812788798215,0.2043608353014819
332,10.894,1.0931247166455098,2.8644133654117474,0.2082167107306225,0.12108274230851677,0.8699158637398892,1.0,1.0,345.17822377959646,243.1702593001851,1.0,370.4056613370713,211.71585862070248,0.2030795544058411
954,8.55,2.844908218345774,0.23760663635783066,2.6074070449775313,0.02435115878884729,0.7469746742456556,0.4759195360886471,1.0,330.50844020484436,258.2185869301336,0.279516981980358,373.88363369792495,197.49982647576067,0.211855384409862
280,11.895000000000001,2.269967682399848,4.1847878097586255,5.492673164145143,0.15269903613182584,0.8316287774195028,1.0,1.0,339.3699287227296,251.55433297498377,1.0,380.78944155679824,187.3048879269844,1.0
381,10.761000000000001,0.8870713302260581,0.4993106065462345,0.17644460192344397,0.12909948844811012,0.8454364856315133,1.0,1.0,336.76860042059656,253.18105689272744,0.9950157080799316,374.9762721144644,192.65857519436884,0.2303383943059041
452,10.41,1.038360994119146,0.7797169722399766,0.8670500281448218,0.09252072342154835,0.8694502037972613,1.0,1.0,368.84824154502473,212.9834553940852,0.3133893609046936,365.3289654705976,113.05528510841164,-0.3041704351032102
275,11.1,1.239534426770548,1.8041380072009499,3.044666576125564,0.07677141306970342,0.8154511293116892,1.0,1.0,304.2057283863117,284.2646647377315,0.23083598027437,371.75702638493726,208.80678465062235,0.348348194360733
76,10.81,0.9128080086360448,3.7243505156943204,0.3869861978126349,0.13311496931755137,0.8738899937898731,1.0,1.0,317.87022312878406,269.6114578084429,1.0,372.74035012066753,211.24427930592748,0.3351393386253445
213,10.11,1.8991648041079416,2.233604902072757,0.4921122188892233,0.10976416454843684,0.867727967594124,1.0,1.0,360.48658096887897,228.7707272930107,1.0,371.58332685598776,211.4898845925928,0.2583040544517202
1047,10.794,1.1263278625812132,0.24923454382973617,0.40453988388684575,0.12856711488684386,0.829153444090444,1.0,1.0,329.1311086229056,259.67290449536534,1.0,374.1030444758953,198.47819689760115,0.2193979962775022
4,13.45,1.402371282028744,3.9872901621844496,1.8332823247025067,0.03588129442320324,0.461437894825924,0.414373180429406,0.7309341204387169,327.3385890744767,262.1371816603188,0.3420908402905061,374.8556728729456,204.81979304555767,1.0
957,10.544,1.517551150215651,0.2656589507998342,0.47401586301245846,0.10472913211227738,0.8556895625659469,1.0,1.0,322.4066659367056,265.66940826037063,1.0,372.87477595957415,202.783653409528,0.3585144767876005
807,12.05,2.877899981813795,4.9117501899262495,3.1998003373450383,0.07963926922395784,0.7526548841567092,0.6342284645883617,1.0,260.8910599461221,322.830298453551,0.5712039058274097,365.7789358276547,137.4899658158224,-0.2549737337583885
540,11.3,2.9555690818451796,2.9735022706027134,5.237948107541023,0.07084668038317724,0.7604573171233343,0.7397914427889442,1.0,271.1430608157542,317.6000820960328,0.6517373361381195,377.7154372761639,62.24177222758894,-0.2020996897996176
334,11.494,1.2913637274988425,6.124640746172502,1.9280441862808115,0.14593184682756788,0.8344633888014837,1.0,1.0,326.6820066146174,262.89697422188453,1.0,374.00858317630394,209.68242615957416,0.2000745453999381
542,12.996,1.1181172958055203,1.6514148992186335,2.2402654741002714,0.024384509167986058,0.4782152102952365,0.516256101474054,0.946990132331848,357.6107166408372,231.55949993951484,0.2266263751518179,374.63842123428645,201.99409986398217,0.6211534981259103
804,10.41,0.7981885293072648,0.3286738203726661,0.8114708670054356,0.10948168652512798,0.850844268237944,1.0,1.0,308.16461216229845,279.7224794628295,0.2604706390328151,376.0727537581321,185.06171630817053,0.3325624168900688
24,11.561,1.572190156054784,1.9095931683237768,0.15459181392337926,0.12449349963670003,0.8437335162683303,1.0,1.0,356.90165216483985,230.82895721300213,0.5810984899093729,362.08698450746454,224.6735912878407,0.203955373893779
692,15.200000000000001,3.103039872956772,0.19196611535827304,9.135885522630485,0.025754156971355302,0.21838669777517136,0.1562535464763641,0.4895301079635026,,,0.0,374.7009202997679,193.74670806562625,0.2014036263454083
378,10.799999999999999,1.1280638362861628,3.4829982800640393,0.31292101064890954,0.11761783850425496,0.8088054866687191,0.7788987288588592,1.0,337.27775919343253,252.2682211645652,0.4909294811122086,367.39024943087986,218.6428918723495,0.2699658554538424
675,12.05,2.9252100277324997,2.398287229482908,3.491679281144618,0.063099419965133,0.7076132013480146,0.5576100945472717,1.0,363.8341500717759,215.00919738456568,0.5576100945472717,377.088408904698,125.89465118285658,-0.2036116843134928
425,20.15,4.9176457463247765,1.293762178596893,6.524954478329051,0.10562921625215359,0.3614886558292809,1.0,0.6708323955535889,370.64755128378926,200.49423441239975,1.0,382.60047481508417,169.22054034772745,0.3168426136784842
472,10.51,0.819276341312112,2.7023022579184857,0.44991493422218354,0.09434380298767041,0.8710770516326856,1.0,1.0,317.6952277856653,270.871744734117,1.0,371.40065282282296,212.73283109130128,0.3367672199452144
214,10.6,0.7170728886160225,1.0858376120436541,0.8510676769126884,0.09644126594246974,0.8068082722559189,1.0,1.0,310.0719344469479,278.81929895431716,0.2920661894796036,362.6222131639949,223.7884472005864,0.2386573336037705
221,11.345,1.3456086645035192,0.156502042037686,0.19307103126725492,0.0825167891296214,0.6655921053154786,0.9108465313911438,1.0,346.669345720152,241.834157789728,0.6865787067339297,376.8013653085262,183.76852674010124,0.3457133532154765
827,10.711,1.0488863848120324,4.084497502801191,0.3585143570434591,0.11814866412374427,0.8684429153818394,1.0,1.0,355.1283951784809,234.75138419393116,1.0,369.4167127242093,89.2147178800532,-0.211023295061021
814,10.55,1.2026601541652129,0.6502465217108016,1.729714772406162,0.09095272438244882,0.8286640263720505,1.0,1.0,297.62303255557896,290.4083598706261,0.2194085932593594,360.03657158601726,229.744660468315,0.2080652969792708
383,11.394,1.045735632411238,2.94540009387969,2.4378829301431533,0.11018977879061288,0.8506132016384939,0.9761913418769836,1.0,317.51354628708503,270.6843207800288,0.8926750543014601,369.1826847217701,214.75363611291957,0.7126348635388745
189,11.383,2.9719362533244493,0.3045986539998894,0.17092081414551358,0.13194385233516218,0.8362017548280964,1.0,1.0,275.6509953777402,306.4888687003742,0.2072452009297615,377.4292126701984,55.21807447319155,-0.220291364489313
165,10.493,1.6486262702951713,0.3569478236304722,1.171770321329126,0.1021475576359396,0.8546856805946202,1.0,1.0,341.6303819611893,246.69613958078807,1.0,376.8466589949584,186.26915862280623,0.514538350928363
385,14.950000000000001,7.029714096965791,2.346493869609617,18.594369456707977,0.09842842010983585,0.8276636090909772,0.5725895077844043,1.0,370.91857486979166,196.21000299910003,0.5665837112875545,380.0256211675503,60.15950973625274,-0.7350858343545764
363,11.095,2.761511911537352,1.8775465284442876,3.8804892440675203,0.11919924174560313,0.8238768964204822,1.0,1.0,306.1079783195024,280.4700761090145,0.4394354857226116,361.8839320239271,221.59833477212368,0.4657093526208297
645,10.611,1.0448521814247165,0.5506284459153904,0.4922218466284998,0.10254734089899854,0.8477066046415713,1.0,1.0,309.7935811672985,278.5301303287595,0.4642822969777332,364.89880768996,220.38934473914867,0.3017721226985027
636,11.044,1.6464996261120266,2.117881950913821,2.39008125229214,0.08710953357278216,0.8220788278035557,1.0,1.0,299.94023944676184,287.0447007056264,0.6960849542919668,378.1948688868998,173.67432667972477,0.3176796240465981
824,13.597000000000001,2.6326847832994074,0.7363423930585659,6.827622670151209,0.053883289900207805,0.82796807055697,0.6000000238418579,1.0,342.01394990953867,245.65376233422697,0.3712400322262424,377.6706317680364,183.18843815596296,0.3201724857652853
979,11.2,2.615156949726333,2.6611060736808025,0.2801668361504928,0.1131802140313321,0.8179032624751135,1.0,1.0,321.6281134193929,263.4207282205668,0.9551845261027574,368.9794693527407,204.52739534344664,0.2017007598562133
274,10.6,1.1389737641158757,3.586641959325789,1.7545469826140636,0.09634486524611219,0.8370557179491686,1.0,1.0,259.316829629578,325.50051033716704,1.0,377.9894797406584,195.59412850333783,0.4015160944150692
331,10.811,0.9906073856960277,1.897208199928509,0.6433530973516675,0.12752321055076746,0.8777037509424804,1.0,1.0,324.73114874109666,263.7566132016483,1.0,369.9445787386316,211.2446915159805,0.2104866898030866
215,10.544,1.1008206056629444,0.778421371676138,0.6727888815438088,0.11750782363011325,0.8498388279929897,1.0,1.0,334.3085746329287,253.51417592310457,1.0,374.78710884330593,191.64689378103097,0.2361599504409445
428,10.895,1.9599893884797428,4.758677252319401,13.543720943118101,0.12143776493238,0.7982172664618535,0.9940379858016968,1.0,306.9863345390853,279.9402882291949,0.9619693873553978,372.151357143516,209.2102462446872,0.2493716623226055
791,10.383999999999999,0.8729461080468913,1.6627709296760953,0.7300318384196376,0.11138137266846558,0.8817247112537787,1.0,1.0,356.4811194773755,231.83314662918488,1.0,361.5456201403712,225.55226202928043,0.2166278784578255
261,10.543000000000001,1.4478563648200968,0.25041166819340316,1.565935737334575,0.10760085482343953,0.8561485365740342,1.0,1.0,361.78131088589856,224.359685480208,0.8670650942547501,361.78131088589856,224.359685480208,0.2130034211394945
78,10.96,0.8849581693135038,0.6435533438456406,0.6529101606687381,0.11613582994130385,0.8160528750764968,0.9943921025263242,1.0,331.53328599552555,257.840289792339,0.9937082841759332,377.13151784062046,185.333531231112,0.2082202904899377
772,10.794,0.8475353158006712,1.2411709375612119,0.20406188873917694,0.10047553362898974,0.8023123189082226,0.9862282276153564,1.0,356.9654054299379,232.33042524288865,0.845278263092041,360.73087104204194,227.58393303510647,0.2301288863928643
276,11.283000000000001,1.0820490698866572,7.850125529757774,1.256964175409442,0.07565030593395687,0.815620321343562,1.0,1.0,260.90200804274053,324.264021530968,1.0,365.5083644874497,221.01268906395035,0.2200112532034958
290,10.75,1.6962680546898408,0.16942950393284306,6.901762228810899,0.10665911346251254,0.7946809766415126,1.0,1.0,308.6463229991804,278.7803757064624,0.534379953001542,360.0197792608761,226.85510739076483,0.2706296668782782
693,101.99499999999999,1.314915724184249,0.5626760577895507,0.8884595566699629,0.059550175065364336,0.660945627835114,1.0,1.0,477.63995234936016,-42.26940300787936,0.4873141406863361,477.63995234936016,-42.26940300787936,-0.2169142515429246
488,10.65,2.070758428512629,1.4392603647745499,0.3327859484740183,0.11952621823423476,0.8692253646592458,1.0,1.0,337.9625014990204,248.65862892073463,1.0,374.46982408540606,190.00260893472256,0.225713579248648
1072,11.616999999999999,1.7577954157870785,4.507426079787425,2.0487403659329058,0.024043632107122508,0.553994629173083,0.2552340992839815,1.0,342.8597152547993,246.52822115481771,0.2102811097375405,373.6577295483156,206.45739302092255,0.4839217366518398
510,11.495,2.0459410646510676,3.234715961182739,13.670240441795437,0.08963441236502868,0.7996729707223763,0.7295615031183701,1.0,302.0498233056602,284.9087625933332,0.6569860943919164,361.49975385671286,224.07085473515411,0.3333333338731033
249,17.2,2.392182681390311,4.782060237867792,3.0546754340216413,0.030273548584976967,0.33927117530873535,0.093553432917426,0.6009906707275756,,,0.0,381.3340862983096,168.72921090987745,0.269283698724858
1023,11.111,1.5281899900490545,0.4544242164143509,1.300537663417781,0.11309699087448945,0.8417377065264574,1.0,1.0,313.139562911857,274.7937553423613,1.0,373.6683642796783,196.58723402978967,0.2203357457964158
652,10.093,2.3982104134577433,7.654809764483569,1.0594380761060473,0.09346195735306895,0.834699870980834,0.8999999761581421,1.0,358.1551732101108,220.6392785004532,0.4785712889792795,358.1551732101108,220.6392785004532,0.3123137451157513
346,22.233999999999998,5.990853741429321,10.977247579703224,3.609223931774331,0.08387585214314329,0.8408380705464237,1.0,1.0,323.567975378,261.1097809338264,0.5999841621215082,380.2921422889318,205.93616062870927,0.2516864966846261
637,16.849999999999998,4.396309336947597,0.8828538435443839,4.743900362745865,0.008649911131832978,0.23237589316740287,0.1684066744991174,0.5706721544265747,,,0.0,377.5043030700023,188.7608362693812,0.2628970768753488
906,11.2,2.199211070870514,1.359538971427646,3.7153961721393687,0.08289074405507652,0.7607758394368295,0.6760841678524794,1.0,322.71237919990006,265.98634466292714,0.44265416421322,377.0466202980036,176.57516978227656,0.2133356804169636
190,12.6,3.099213544797606,4.764887878105856,3.970995947416613,0.10204178183820377,0.738854560778694,0.4439093470573425,1.0,286.5830281146865,299.1151425650724,0.4439093470573425,371.27813133004344,189.2666395809704,0.2011643983662474
720,10.95,2.3815652500823368,2.1942511024314095,0.5301788328695174,0.12326379489630926,0.8251319611607488,1.0,1.0,305.9823751409682,277.45354318020236,0.2876856591412213,374.37087688382127,187.4562540524539,0.2376213861944117
292,10.494,0.8219599339581042,2.8382554461937946,0.530662211967644,0.10682076069506605,0.8742919653183322,1.0,1.0,312.56967611843226,275.64452254556625,1.0,368.20974849683495,218.04898258651104,0.271281115765508
182,10.744,1.3601919616895324,0.4899642485972267,0.8505028224902844,0.13510803636967528,0.8549359459089115,1.0,1.0,322.0237201803756,265.27220425541367,1.0,371.69342334649815,203.0058329840476,0.3212143859109656
77,10.594,1.12635892807032,0.890403623675269,0.6285501565382375,0.10877330903297415,0.8398155802684815,1.0,1.0,308.6534874261265,278.7878327712235,0.3012630980784007,362.36515907385296,223.52482861374264,0.4217630663877635
964,10.594,1.0461512218097395,2.1694412088036,1.059937852813695,0.10661964890464024,0.8804307621823835,1.0,1.0,329.15346504809037,258.25559861145626,1.0,375.7126809757228,199.67499576097387,0.3733292895435698
174,14.8,6.1703835049761135,0.7603983200368319,15.745902228382601,0.11813262204804764,0.6311828640915611,0.9268523807204172,1.0,392.08231327649384,126.83936730019352,0.9045017957687378,375.4141423775067,62.16176690038109,-0.8835051963791347
768,10.544,1.0121549599980408,1.1695494642728514,0.367393914542492,0.11072810592288022,0.8513701501431837,0.984093313631804,1.0,323.5608940264244,265.42706377078326,0.9278029524363004,371.5469082919034,208.59273875843397,0.27842132340778
63,10.744,1.6446880358517684,0.4065243948906172,2.1589892056536564,0.10665491974822944,0.85042531461298,1.0,1.0,360.14439218255535,226.98328448962087,1.0,360.7217260433149,226.1412208653704,0.2052829974814306
829,10.811,0.9864519287034402,1.944949355691322,0.46057707909681717,0.12831092858989432,0.8738288224798567,1.0,1.0,334.5641521976448,253.7787425569607,1.0,377.5349712437522,191.31910580745657,0.4359841325954372
732,15.749999999999998,7.165022660130061,4.136361381713161,5.045619029808971,0.013695493396818866,0.6733266176483695,0.1244190626623566,1.0,,,0.0,399.4220137625418,121.48952934238991,0.5930240126211669
122,11.049999999999999,1.1772684078019924,7.591638238389161,3.806597541567772,0.11695340508621178,0.848103980918443,1.0,1.0,338.8597753397699,249.58671438403417,1.0,374.9261054276301,199.08328257815936,0.2554166648017457
289,11.083,2.4574944650481467,2.7437234543508597,1.2785055759199544,0.10495256572863994,0.8160118280113448,1.0,1.0,356.9303157766366,230.8585676569859,1.0,379.1710068469624,165.52262227641728,0.3113537363258475
101,62.696,8.579001987369223,10.597258739042493,14.42419717135645,0.08519180341485455,0.8999747022953919,1.0,1.0,172.87121038160535,387.6757790423063,1.0,467.4866731676752,-39.97490068115937,0.2074913375208822
755,10.411,2.1206422628208386,1.2244528641506678,0.1560632088428474,0.10232404676828129,0.8626202174266635,0.9690196832746384,1.0,361.87253198018504,224.45353786751983,0.7607190608978271,361.87253198018504,224.45353786751983,0.2399923477510213
34,11.645,1.8074564584979098,1.025312752635126,3.019862407374739,0.15582762374089984,0.7924174590703216,0.9347199201583862,1.0,349.8308514406102,239.347169638514,0.9237014084944078,363.3862875423686,223.13824896006196,0.2093717744008693
733,16.299999999999997,4.047146878560969,3.7797310740518437,4.40911530361671,0.03203855547609229,0.34389206161453656,0.3451781557341302,0.7677526106070404,349.3903131189481,236.01655787794803,0.2251801038571926,361.9979047390101,124.94102351384323,-0.2036588189666837
39,10.443,1.2042866879370413,1.7188074439467251,0.9789497307971888,0.09698929268473562,0.8709532664578857,1.0,1.0,320.3863931034388,267.8975177893478,0.8751420935887969,372.48523068795754,208.12049874627328,0.4232821707528747
719,14.5,4.421041626485328,4.24660147415673,9.157918765136284,0.03881947199640744,0.7124099126738523,0.3333492826246582,1.0,363.07122156196226,221.3824728174114,0.3058226164006917,388.4269004407745,144.6227820593353,0.378124782326516
509,11.495,1.7501404341472797,8.547006140353243,3.3641999760869568,0.09716584479509718,0.8324043454503417,1.0,1.0,309.959708141896,278.70262524365216,0.9901512864060436,368.28302161431856,215.26406883207335,0.2221830617596892
702,9.892999999999999,1.8085523015482918,0.7901130219384779,4.773670636653719,0.12286168675772514,0.8590347707356109,1.0,1.0,339.6782717744181,248.99450969499003,0.9777811940082094,375.72292872762966,192.294171846562,0.419604873018373
459,10.393,1.3255998724602747,0.6136676559559221,0.9027889141440656,0.1146849480179307,0.8467749485630556,1.0,1.0,331.13911751493526,257.432023061865,1.0,374.37413104187374,194.89805388591304,0.4029254265817448
263,10.544,1.2771545164456117,0.94363444515912,2.182383718058457,0.10148356599731356,0.8715631873002944,1.0,1.0,309.04341891524007,277.7504319055726,0.337174417863515,363.1400155831351,222.88595482524465,0.2464322971003482
380,10.961,1.0403333405128277,1.0684436256510685,0.3832446430797262,0.10634705374635593,0.8332337860922552,1.0,1.0,314.79408737201027,273.6278808741,0.2085883177556232,365.0928149754757,220.58783307500096,0.4328891207342562
21,10.393,1.0527233411262926,0.4861266433907204,0.4067453040761997,0.0986803817937036,0.8547995784649034,1.0,1.0,316.067093671077,272.06521696454024,1.0,364.5889727616647,221.50446451732356,0.2003466046067578
262,10.443999999999999,1.0124133467560388,2.221872375502088,0.7173823648086924,0.1262725236366654,0.8922155465506825,1.0,1.0,343.85093467660886,244.6754942357973,1.0,378.7017202009362,174.52530953501784,0.3546721272915956
926,12.496,1.6717436257410325,0.21624303908522688,0.22222222843347544,0.13296600194551425,0.790442950579514,1.0,1.0,300.6971339160818,284.9449957403672,1.0,364.90257461865747,223.2585355926443,0.2395928127354838
462,10.611,0.9311847464807953,1.9929493267028635,1.2844863249431595,0.11752327997341715,0.8857233069969389,1.0,1.0,333.49339253354697,255.55000288573945,1.0,378.7487039451957,56.007072371030524,-0.2721716881598078
279,11.145,1.5102158003453234,2.4911968373544915,4.28767311886024,0.10613846700394883,0.8447517655506932,1.0,1.0,363.6699146100816,223.428896558348,1.0,363.6699146100816,223.428896558348,0.610335447949786
323,11.495000000000001,0.9945099878155446,96.02335051832783,3.41443802237148,0.12245763499166216,0.8717666008987307,1.0,1.0,259.4708773719863,325.65653015851086,1.0,259.4708773719863,325.65653015851086,0.2956349818152616
117,10.394,0.6490320744754157,1.6738472181280428,0.09697041615341744,0.09148705200914761,0.873395565691716,1.0,1.0,316.9561799369827,271.5463553617281,1.0,368.3486580294482,216.76083764109657,0.3187890736378926
55,10.443,0.8811656732768824,0.49518246877499345,0.14432930826174664,0.11435638477054945,0.8587164389014534,1.0,1.0,349.8233559655497,237.90157370864867,1.0,376.90267249074736,172.11183734292203,0.3491156355130274
228,12.296000000000001,2.118275856647241,2.706340408007167,0.6553361800184125,0.13492962174356665,0.7343299726235292,1.0,1.0,359.46180874748205,229.15318665382128,1.0,359.46180874748205,229.15318665382128,0.2227137089337203
250,12.35,3.842649778964755,7.86953599703885,4.34760456823063,0.051841875643399815,0.5870905291839913,0.4390952370165672,1.0,361.5000876568733,209.77017484624332,0.4043669979623023,320.42579362127844,270.8219296491053,0.2337050510731586
244,11.85,2.2210365409148025,0.33824573334911184,2.814610103435202,0.09169942075972479,0.736463722634694,0.9718400835990906,1.0,251.22810516466623,334.35776012848805,0.5464527064426714,357.1103694992324,231.0440459250658,0.2036251965291741
635,11.011,1.894556353103905,0.40258295886015516,3.017230890508819,0.13216612880734616,0.8225932948694908,1.0,1.0,345.8541385149731,242.43019523922115,1.0,376.15728316890903,184.15573158288052,0.2017589631797326
347,12.9,3.6769671253734657,2.1987406989032277,12.054454062554019,0.10746623211759629,0.6961377858076236,1.0,1.0,333.83334713841566,254.46205064251507,1.0,377.72875932496913,191.93639530168923,0.2725781455619148
676,10.9,3.4351813812050125,6.100042334062332,2.557014336800166,0.17011847064626412,0.8239078878151519,1.0,1.0,312.32108269556977,272.50109260631706,0.2079706599481052,,,0.0
561,10.561,0.9326421663110908,0.61342789061643,0.7194828465653769,0.10768530585104906,0.8391863837244022,1.0,1.0,335.166134508906,252.96257641270375,1.0,358.4064799371368,228.06746795266636,0.2056039732867088
701,11.545,1.8513173139748098,4.297572133733238,4.4445675444197095,0.12519653350973062,0.7953957837452394,0.8080297696405561,1.0,331.41292258894094,257.7154188649107,0.6455431070152358,377.4631651069319,197.95248564898657,0.4111494054325921
877,10.85,1.2939822241662873,3.401316711553041,0.2239943078248881,0.17482553280703592,0.8314685628170373,1.0,1.0,360.17145385337915,222.70794514761715,1.0,360.17145385337915,222.70794514761715,0.3662115087926062
705,14.600000000000001,4.958280644739719,3.897369793502581,3.774866221505461,0.0,0.2910908424635805,0.0,0.4592355489730835,,,0.0,365.35904675959216,100.31192211394614,-0.2159317465952212
983,11.45,2.1736766960835117,1.1641098006498396,0.2745471871533472,0.1210119357322478,0.8687526291975368,1.0,1.0,365.54272243578447,212.4677602948598,1.0,378.1268633282136,143.28238243880233,0.2450407418208417
1031,13.049999999999999,2.219331241912901,0.750310463473667,1.58385703412476,0.012725343315354175,0.4662344384464092,0.1375338687325829,0.6551299821740605,,,0.0,357.86596088026704,227.51173156426205,0.2005439458625072
687,10.644,1.692790905112653,0.5209103362754772,0.9105126975056451,0.0947381847831487,0.8388806754619039,1.0,1.0,308.214002749633,278.33096940423115,1.0,363.1765598487749,222.92328263410167,0.3668229404928658
423,13.5,4.251897610293163,3.3006061869470824,8.824702474702653,0.13600019317672601,0.6586613868480276,0.7007963602535082,1.0,299.015792061942,280.307840876988,0.6724654595000403,361.9912859864332,97.7634592390933,-0.2060713184733172
6,10.91,1.4148102938637288,2.510520633661032,1.9670194922689523,0.09575852656377612,0.8777407329930469,1.0,1.0,327.2397235935017,262.034724607306,1.0,374.68808353213666,203.29713647062965,1.0
549,10.866999999999999,1.9107406206705968,0.37851659682612426,2.9186943143588717,0.07877021950718695,0.7615505583869869,0.715123506864291,1.0,283.7785942180714,301.96055155767795,0.5190773096516386,375.3402619643915,190.71618888190775,0.2213578223482693
727,11.295,1.0164948483521643,0.8294529628774201,1.5062885248438067,0.12360087265087284,0.804021869207286,0.9773698672322552,1.0,307.81541779717054,280.80265616596125,0.2093101674063804,367.05485182941794,216.869775973552,0.2030747983513024
300,11.445,2.145890734057837,3.4730922234941075,3.054244403853524,0.08671988681411548,0.7871934824376212,0.9125364007413121,1.0,372.5462732318697,118.02073758642184,0.241290552115643,380.97288477020754,173.28853996251743,0.4744552786712885
925,10.944,1.2106192356390788,3.372325821014847,0.46301554534941497,0.1261970614933522,0.8503628585440852,1.0,1.0,339.39746021300937,248.70397422996808,1.0,379.4612339181881,185.95952043639537,0.4228563549778068
1053,10.511,2.0253887408299622,0.32473426761848007,2.6286212694113225,0.11174323574899206,0.8492891503994036,1.0,1.0,327.0778684907633,260.42620970204206,1.0,373.8644066303427,198.2855703862264,0.346194061614702
654,13.299999999999999,3.1465550392508885,2.3748285140660097,6.761124983225294,0.07270878762796588,0.5315652666493507,0.5136033138401693,0.8023755446290285,372.9470276515594,191.89260792630492,0.4288265173443124,,,0.0
193,11.261000000000001,1.4704511448512518,2.1172831876040354,4.564905017818838,0.07537307909181366,0.7385538419542598,0.8999999761581421,1.0,351.7620145482305,237.0275865960757,0.6283921231931902,351.7620145482305,237.0275865960757,0.3369449927093119
541,11.033,2.2495921909404912,5.989151814543034,0.41762013729238157,0.12339246697140636,0.7780938209359073,1.0,1.0,353.244998551258,229.93423180496652,1.0,353.244998551258,229.93423180496652,0.3661348271507724
769,10.91,1.357999692625821,4.0861901348526795,0.7239987994816552,0.10806938787691017,0.8593496029253338,0.8509364724159241,1.0,348.18998184562287,241.9647184291356,0.84246826171875,380.5484339706297,179.18500844443716,0.5178741513471292
997,10.51,0.865856844796071,0.30043508039391276,0.10180969401467145,0.10205992613417651,0.8490714446474205,1.0,1.0,360.09503814861637,228.36866197568935,0.2017879699248171,358.88618892462927,229.99825219570891,0.2281168720695172
220,10.344000000000001,0.8469987017348977,1.6344287058679374,0.43340273216312375,0.10830316027166695,0.8737854131598154,1.0,1.0,316.64550574166435,271.22402439117434,1.0,370.45573782360987,211.7666767444688,0.3393198088354427
80,10.494,1.2246446660120878,1.7052060920697603,0.19228574500031417,0.1095807092613428,0.8762479732875332,0.9915733933448792,1.0,336.44813965067266,252.84913471210947,0.9915733933448792,377.30936267145927,191.30069597136193,0.2636814951029524
457,10.61,2.185946700311123,5.975743621264744,2.864896504816406,0.13857499017822533,0.8309717598183674,1.0,1.0,311.6085111870742,276.08806543054146,0.2238864376821793,358.3514099927371,223.70667240641703,0.2839362351320295
173,11.194,1.2880131238787014,3.9539562948678606,0.5269813160043529,0.10343703050123995,0.8831249385841815,1.0,1.0,341.3006731475839,246.35539737895047,1.0,380.09108750136573,182.8646189168497,0.4048609541548596
766,10.794,2.1775003138672395,0.6425501018189801,0.41959957954968874,0.1065038766694081,0.822721946386736,0.9838651020939532,1.0,312.95654603970127,277.4867225822913,0.9798651891184552,363.07158153130325,224.24695870982092,0.2163049945092852
712,13.233,3.2266416848267725,5.102199199333802,8.512761009150406,0.11897141728363092,0.9422121841286324,0.6265851855278015,1.0,275.3441614366636,314.7338143985001,0.6194209400114224,377.52255208911134,202.19016976573076,0.3680042001216458
805,10.561,1.5392414435703587,0.502005209275321,2.919100344864974,0.10163294382934066,0.8712036369763625,1.0,1.0,321.3733947136825,266.03889612627546,1.0,372.1219420300925,204.88108879456416,0.2518395880925402
219,10.443,1.071586334999254,2.51310807882194,0.13687221952637454,0.0908928972742021,0.8679682254862042,1.0,1.0,311.319303447975,275.787531711626,1.0,366.4818534111686,219.14522392015527,0.2607838724340711
444,12.799999999999999,2.4699405886000076,4.977413273219694,0.9908693459375495,0.09343270568934461,0.66849669802481,1.0,1.0,350.5275451140076,234.31571109746187,0.9520334376116316,353.0303755002276,231.1496305139436,0.2044810192412715
852,11.244,1.5029023363013445,3.1793165100553042,15.421951851648853,0.10534499579120286,0.7296961093512208,1.0,1.0,353.4845670704647,235.9299029915167,1.0,379.42642410892313,186.81146679123535,0.4680554876943867
315,16.150000000000002,7.959879146300084,0.703220444337422,12.778423155435052,0.050619593439343503,0.726382289343557,0.889218270778656,1.0,392.32547648367387,159.56218168453967,0.2355527986183306,377.26517708932835,190.02873475753864,0.3697771658057183
678,12.062,3.4059173339968214,3.202076878203458,3.3372123565379788,0.10485522752744983,0.8073679194389867,0.8999999761581421,1.0,340.880073422532,240.16653892509743,0.6775878411112666,373.0757909619289,187.8908355785236,0.8356012083883422
646,10.51,0.9788713977342619,1.1512874936741737,0.32589825407082723,0.10975517327642863,0.8444084011401186,1.0,1.0,330.429424104903,259.57762531965466,1.0,374.0017468967968,194.16683117135707,0.2004695903507742
31,15.115,3.964083096579911,1.8176317544862806,1.2070329460363507,0.015515641009681731,0.30091472995261265,0.2776934504508972,0.6313244557972018,238.22318325757752,336.8889935465052,0.211271290536952,381.52446004827414,58.785977874015956,-0.2474900359170271
222,10.943999999999999,2.330890947680348,1.754837935433974,1.8064560395275169,0.11719332660857901,0.8048842096231009,0.866008996963501,1.0,335.4767711028209,251.84404132063216,0.837722897529602,373.54232631366347,192.980589153386,0.415032103504676
815,10.450000000000001,1.1088416646809949,1.733240624288486,0.6546744628488962,0.09912933633482222,0.855305957649651,1.0,1.0,316.95330746299345,271.54350971422696,0.7672071507102564,371.1231674787469,212.4488641164216,0.3752229969550766
994,10.492999999999999,1.1182222496659573,2.9963972950317115,0.283469487917031,0.11447483668119217,0.8751527766145223,1.0,1.0,352.4305390529883,236.28001549123928,1.0,379.0895079240017,167.7043829947341,0.3195634985595991
567,10.794,1.2407026507824814,0.32731196009374186,1.666866240303583,0.11590043426858151,0.8663128188054048,1.0,1.0,316.5159569689609,271.0894351565662,0.9513341624218206,369.0770791115167,211.78800665728525,0.9330771209472238
337,10.41,0.8728548317618933,0.6504209964406255,0.5855519942543226,0.10322058461297884,0.8734089814665479,1.0,1.0,328.59425007916013,260.5571532394397,1.0,399.73981626223775,23.725494319625497,-0.2179313592965407
18,10.309999999999999,1.0334925385567526,0.7737845771539731,2.7524855739486855,0.08888096500694108,0.8483267063673586,1.0,1.0,353.7917041356003,234.80967415677048,0.5163682268470812,377.419122678938,179.8454633639321,0.2667342532457504
566,10.693999999999999,1.609575658423358,0.3194766004150417,2.714022665841487,0.12055395348252662,0.8572391108964189,1.0,1.0,315.83916222281965,271.82863027319394,0.8654270957366715,374.99120784055145,195.16706075466124,0.7467179695476415
763,10.793999999999999,1.5546596867846987,3.6995707173459915,1.3545286527786802,0.1052702296698872,0.8516879264739272,0.9812579154968262,1.0,346.7981258083034,241.9693906629408,0.8160314559936523,380.49781807937194,181.52241819277543,0.3681328441463621
565,10.694,1.0985799114646257,2.360340416553593,5.803067849757533,0.11972208793373847,0.8603390837031312,1.0,1.0,355.83359676436123,232.60301525382908,1.0,377.8776589649676,170.49777366847871,0.3241201380448937
901,10.911,1.252544320668401,3.9507549555587897,0.1677420573569234,0.12549981210095326,0.8720067856602323,1.0,1.0,313.75346476262655,273.9891250535242,1.0,380.156551029618,175.98063465914305,0.3774822095547033
210,10.301,1.6459113470433278,1.9959830103424108,1.3667837555125228,0.055770183688348844,0.7708729356951702,0.4439090730904058,1.0,347.77473961533155,240.09950994197595,0.4424988624110097,375.61732874253215,179.70591649672565,0.2968314190822488
811,27.116,3.4300497242813943,5.662498835196914,3.0547999688449057,0.03984078542967504,0.5019041321824727,0.3231180710081392,0.8703961922677772,368.83787548828127,214.40200132154385,0.314865279280621,384.5486805575612,149.7751464279654,0.5158030200323629
656,11.245,0.801580083210988,1.1126380008796957,0.43455971922630476,0.1092203381042357,0.797273156694102,1.0,1.0,351.5546034562664,235.3760248738238,1.0,378.6888486055228,171.18377302976756,0.5674266858742786
373,11.345,1.0917255114333768,2.336221476896946,0.6848143140839161,0.08517281007386278,0.7387057142577426,0.9393394055865192,1.0,317.53326203125306,270.7035333851608,0.8428441226661324,372.77579033972256,77.05979928468615,-0.2047030274886038
114,10.304,0.5879044904769896,0.4071384891658982,0.22556756507320197,0.08610179166306835,0.8588748731513869,1.0,1.0,341.3096003685203,249.2424003127736,1.0,376.8820257570249,169.90339649199944,0.3165358020350939
450,10.41,0.7251884154844691,2.0863681451985325,0.187728938295461,0.09672343847487411,0.8711319262067163,1.0,1.0,316.7911952016852,271.3750793935464,1.0,377.72351426322626,191.3549553587268,0.3339183590381983
387,10.6,1.2315241892129631,1.6520608721519825,1.1270695933470551,0.09269032050554132,0.8349999969434893,1.0,1.0,304.93927172085967,282.14088128385646,1.0,376.68355891800417,195.1031695414146,0.3168790931960385
991,12.033,2.2168353042342384,0.265970720338011,1.122155580780742,0.07927233131829436,0.6958478260200911,0.6265851855278015,1.0,264.9576704771088,318.41838150913526,0.5490315762548685,370.4840983931098,137.61765666420268,-0.2088302591031204
710,10.644,1.6346682813902942,0.6227696023337268,0.18342123820181777,0.1249141195079362,0.8745951114423824,1.0,1.0,317.7410017757429,269.47733903224406,1.0,370.27343886292425,208.7193533057115,0.2783302211728962
923,10.9,1.1351125760095542,2.082149039829301,2.82020266391095,0.07236527826437013,0.8239697977851094,1.0,1.0,333.07643195947895,256.55801007016026,1.0,363.95877949591585,113.0065139823776,-0.2044228219602927
53,10.744,1.0295780041117057,3.8915517924257803,6.716203569068454,0.10306629823699136,0.8327486621491025,1.0,1.0,305.517557758688,282.742524240922,1.0,368.3940608128413,216.80698786041503,0.3674403649119096
597,10.344000000000001,0.7883751158276915,1.9527064524414153,1.2193060835359364,0.10045458766619868,0.880322947081733,1.0,1.0,308.25302455541265,279.8146228833882,0.4672258430886115,363.9710297756969,223.73775903342835,0.2504943802072993
552,13.55,1.6822221122056953,0.7452060042745914,1.803835449445497,0.0913615236879297,0.5878750251235331,0.7957657187535945,0.8045690482754718,256.2005956524474,329.448507247628,0.5887638525815267,374.5583857421312,192.5721009201461,0.2004051307172909
544,10.344,1.3805062450972971,0.8615866267617178,0.12415528789181754,0.09235324875683576,0.864090733108751,1.0,1.0,358.43200366219486,230.96782258966095,0.3682783608923005,358.43200366219486,230.96782258966095,0.3408155438743319
874,10.994,1.007555492608013,0.7088013845028417,0.14417607053875922,0.11303685336081686,0.8034214552069061,1.0,1.0,308.2006115996629,279.75975620889847,0.9963081797837832,373.29969100818533,201.81211452183496,0.209519658426896
245,11.0,1.7309464463783997,1.5945165263575058,0.09902435802897722,0.17593956722798088,0.840117994256711,1.0,1.0,327.91085171252064,259.8485448310433,0.275767815934951,372.38589329703046,205.1520950686973,0.3194009042941162
158,10.444,1.2063042851398251,0.3529841630255028,0.25048467426146226,0.08947721525317474,0.8399292990124283,1.0,1.0,341.0383848723112,247.52292717517568,0.9419903175073626,376.4567059947168,187.10214171959143,0.3638921797211057
162,11.045,1.0282559563626315,3.2950935951184017,1.6327594044588494,0.10114760202132442,0.882757598130146,1.0,1.0,321.81817834678986,266.5000337519674,0.892414032704975,373.1615105607302,208.81404389775057,0.6682184186811565
253,11.511000000000001,1.6022652759530707,2.6587432659012964,1.3744099169879394,0.09827465979851704,0.800551773382624,1.0,1.0,323.2072618347382,263.617503240024,1.0,374.82990847645374,202.1685625372536,0.3064305362409483
596,10.543,1.001949552821679,1.4331850389123448,1.0398641907208153,0.11599079666553413,0.8743095335986304,1.0,1.0,347.1618152296168,242.34294656379413,1.0,378.4635362663258,178.083642546732,0.2862457865314254
176,10.194,1.242129972222414,1.8535880371737437,20.636765211416517,0.09500799713442384,0.8410167336062517,1.0,1.0,366.23652710500767,217.4638425406334,0.4700839817523956,371.3475053231515,142.27322398551797,-0.2021580038571026
855,10.961,1.808516408447184,3.7265076924784246,19.410669840945392,0.13858937105034255,0.7989225043414505,1.0,1.0,308.3746505757677,279.9410161628265,0.5215906371367895,,,0.0
699,10.293,2.0549474616831223,4.290759378714408,4.842173762662021,0.14477036021050158,0.8033681971874856,1.0,1.0,304.77333293558416,281.968322955689,0.2628422647659155,364.2846782859072,222.62548274004507,0.2030463173909242
1067,54.405,3.932836839911159,179.38900383775157,85.09336320315904,0.052744342538531885,0.4881346730538262,0.6000000238418579,0.7123114439722854,240.24396407337088,337.49622405060387,0.5576884498439431,240.24396407337088,337.49622405060387,0.2185728579877517
790,18.402,2.4892522879467482,1.6498152153545917,2.710124419329328,0.318673287913928,0.835634252937573,1.0,1.0,260.86864868954166,321.38357958747343,0.4860963826901691,349.43321825110394,230.31212184740147,-0.248469123110799
120,10.744,1.202895072487294,2.4056380146037566,1.0751690766921158,0.1221373874475014,0.8831527877399639,1.0,1.0,334.7076241581077,253.9265346124884,1.0,371.23683062946344,75.45885147531533,-0.2031643175070367
302,16.199,1.7403083930541816,4.546175405684364,1.1244530461949265,0.08661499403087003,0.860013152630419,0.9195220104268108,1.0,350.4947253132628,238.594549120356,0.654909360537915,382.3764980361756,176.97727459708693,0.4788674395292298
79,11.212,1.4140816276042572,0.6332246820054199,0.6871523398446422,0.11146041082207044,0.794865078171124,0.9038803577423096,1.0,337.0499480283248,252.03238696630908,0.8689651140496896,361.838528305737,224.41842529904193,0.2048102334808947
913,11.395000000000001,2.1271174860233377,0.8860198745098108,38.64035777161029,0.07579033502629752,0.648406287196213,1.0,1.0,306.59359343707155,279.5317730416877,0.5034458198367221,373.4647811142714,201.953583297196,0.5274420307880265
411,17.083,2.1601547640511622,2.8361051040375025,1.203692163480168,0.03431733785663265,0.3017653364849738,0.7269724590120993,0.433486317810136,377.2257780178882,193.8215836177272,0.2955151903507243,377.2257780178882,193.8215836177272,0.2366357625899514
216,10.360999999999999,0.8550624304590299,0.9407471797246443,0.3912351959567408,0.09593997642318866,0.8657207551614874,1.0,1.0,354.5982659474684,232.7668496072492,1.0,361.0501758366093,225.04389245467607,0.2011929586258897
826,10.51,1.5017406675016525,2.829713141911719,0.9592100216534004,0.10467483082545213,0.8757049277639101,1.0,1.0,353.2288651861538,235.66642466806385,1.0,378.5781812176807,190.70680694340328,0.4194100589833606
828,10.56,1.0849627526831271,2.5245510222736467,0.9296730780505483,0.111181889251864,0.8895198462122546,1.0,1.0,344.2633997763357,243.66307270852835,1.0,379.1807842592913,178.82477930753325,0.2927790531764088
981,10.850000000000001,1.2136309535086671,5.112164833335982,3.5422919559964736,0.09320659585345568,0.8146457707313303,1.0,1.0,296.8459128830689,291.0433203886949,0.2495518855393432,345.61283994033255,245.05775873209825,0.2244576724368788
161,10.41,1.4880647108907021,0.8608194825554148,0.26210327763960084,0.10786576422102866,0.8775343661754582,1.0,1.0,349.98184230366127,239.50301971274277,1.0,376.8644507224965,184.65128178559527,0.3872447308541165
754,10.661000000000001,1.8399412571308709,0.2903440981269226,0.6474103613643193,0.0803018054258976,0.7820222300693823,0.7153016328811646,1.0,317.9306861306373,271.1160708775455,0.6390452394056925,369.3694156377642,212.08656642803015,0.2344681244544468
107,13.898,1.5742687319862263,14.105247348638123,12.711671133410304,0.014412712073006796,0.3969559514405325,0.3315702742172801,0.5360416061522741,374.175460662116,205.555141307402,0.2912942116115295,372.62735386022894,208.26611732808752,0.2621872802599198
525,11.412,1.4544931958278686,2.859444862045648,2.5606475195249128,0.11825599639608128,0.7899220904904954,1.0,1.0,298.38483601775323,289.7574108974521,0.2595187482311815,378.00513890630094,194.04001919347232,0.3751186834772785
273,11.161,1.2010802980537616,3.1561358964721022,0.29340531233427947,0.13792683329610203,0.8440246717594821,1.0,1.0,343.6578423685451,243.03741351438867,1.0,379.6450779618093,184.10666701440724,0.4200175014687448
875,12.817,2.01628984119052,0.4167844880695725,0.2805033400833306,0.020399981563675104,0.4511447768029266,0.344064112310675,0.841003880864852,242.75582639845467,338.5945200431508,0.2398835047091209,375.84700157880127,188.5141520024012,0.2001099666130733
460,10.51,0.9015421154535999,2.4854220673108007,0.6556057700050535,0.09209234829446414,0.8669379589090174,1.0,1.0,347.33949596072415,241.08832598539712,1.0,379.28998077826225,176.47015010569487,0.3287532373892265
198,12.246,2.9961536974619016,5.176950664695679,6.570953784310073,0.1331718491590353,0.8711288842447257,1.0,1.0,322.90321428240134,266.1844189303562,0.9057646493431558,374.1299116114995,141.0896327886391,-0.2486375688898933
711,10.761,0.8788116634413438,3.1062035839297475,0.5373131243182878,0.11393157376102189,0.8638146660132456,1.0,1.0,312.2498266707826,275.31189156118234,0.3766050054406964,367.5312618123334,218.7869294042328,0.2679383834836185
401,10.411,2.2120749395456865,0.29173437315398104,0.3778179738871212,0.09778150559603282,0.8580589533903648,1.0,1.0,330.12783291668205,257.8247215683129,0.9990609573291072,375.13652274424607,195.23288092324344,0.333476697888704
948,10.544,0.7838367661997683,3.2406748724353687,0.8066640840849898,0.11804398009585103,0.8807122722243671,1.0,1.0,359.0244088285877,230.1400406372559,1.0,362.8745318143974,225.48117374532265,0.2070609006316241
547,20.0,5.718886750104511,4.024537430153537,4.922903773105688,0.020140581857863216,0.3403183277190268,0.5321909327447323,0.3955290913581848,393.1549203522114,110.48029670858205,0.5166744795635358,384.4340411534069,57.18667689124512,0.5472714663963354
254,10.360000000000001,0.7735182907684274,0.7891118126416089,0.6208515819914296,0.09155662559022806,0.864544756763635,1.0,1.0,344.1867628960786,245.02258389271927,1.0,377.1158066366217,181.19842607301777,0.2993823203489755
92,11.461,1.1472090672428856,1.9414774868612974,2.169970484668927,0.07719199477327396,0.7628346165507642,0.9968833760888446,1.0,318.9831492742668,269.32482012645505,0.9205623967538606,369.6614607432176,213.81354712285568,0.4655650558612677
437,12.25,1.686151907275319,2.2531433370867977,0.4146081074407291,0.15636728712781997,0.7176098496854174,1.0,1.0,312.81268950136837,275.8971634367983,0.2114863337692386,372.36550306376057,131.0129268598357,-0.2073896875347801
570,15.783,3.101329913924056,2.3245888175088436,2.6252632321934373,0.08490327515556409,0.4035172332171321,0.3679089326149038,1.0,334.52277527872525,249.4174723712119,0.2128816903881922,377.6497833079258,192.55737111023,0.200023420076748
995,10.694,0.9739864228219842,3.687290549791715,1.2743247963291635,0.11907712554086086,0.8904407156664377,1.0,1.0,314.4166308115682,273.2357638350157,1.0,369.3725899792424,216.37615368119367,0.2823217998471595
1045,10.944,1.491667657457938,0.2688665258750054,2.4315317481386773,0.12081706325023868,0.85438166537892,1.0,1.0,350.50219501999567,238.6024579376295,1.0,376.4826616137132,178.04456974080463,0.2273797137186743
1012,12.012,1.2665766585967118,3.489469674500064,0.1732615317993659,0.06406261589593998,0.5684152049985008,0.6906879972378166,1.0,290.4687293354105,294.5090310190341,0.2923029252429672,379.9657658217454,178.37099198646823,0.4114567368572326
744,11.044,1.0857586619048087,0.6795869210020197,0.3313961104680461,0.10227141152829598,0.8168801533786737,0.9859213829040528,1.0,314.2919563956899,274.5484491675542,0.754951161872542,364.501463287179,218.55137489167564,0.3437233253503566
230,11.745000000000001,1.760912127157804,4.094729272392869,2.0636546444510175,0.11995247219614377,0.6585249253959283,1.0,1.0,343.5718988898236,244.38716556051688,1.0,370.15733214976024,197.11912236192052,0.2032120892499673
752,10.794,1.5581709676565187,1.9297901942525308,1.5265762477199563,0.10653464782856073,0.818115102601062,0.99030984703013,1.0,333.39690036065934,255.44997455797423,0.891106367111206,373.00501988454056,195.02446872122013,0.3119915958635872
1038,10.709999999999999,1.4353335166911676,1.621215194360291,0.3714227169736561,0.12332273587706076,0.8458732065446845,1.0,1.0,328.64945399250706,260.6141497228637,1.0,364.74302787804805,217.3676641936762,0.2276453186600717
698,11.044,1.029755405655844,4.130473829316137,0.7626509252449024,0.14743784913045782,0.8522026611210124,1.0,1.0,335.7080996377328,253.5230605865532,1.0,379.8964726966535,190.72221145305156,0.4650381781948575
623,10.561,2.095173008021564,2.066983645197006,1.3901762797227442,0.1024154849462755,0.8701258495300017,1.0,1.0,359.5465549540572,229.24060650570044,0.8541824262662028,360.18771464447303,228.46355482878627,0.2007000605660004
93,10.860000000000001,1.7106833059708897,0.6985249339932372,0.7803781158000724,0.11451340316694229,0.8993493248512882,1.0,1.0,344.89022142278765,242.87254234317317,0.7045970777260439,375.51626123309205,186.8833746772392,0.4440684914348748
644,11.149999999999999,2.309500492586462,6.6064602226946825,14.711529599721462,0.08900083908420245,0.808180254268824,1.0,1.0,347.1397198284917,242.3200900699468,1.0,365.71593672500694,221.22555120290164,0.2823553821155046
655,12.094999999999999,0.9661271665163846,0.7451129793914395,1.408877481090454,0.06625076780231935,0.8116163800272868,1.0,1.0,352.81264045475615,235.23672017236817,1.0,355.38799220970753,232.1437058227308,0.2123375441887905
139,20.237000000000002,4.389129476336046,3.7993714890798227,2.50508437763411,0.16163629866671894,0.8304727835827483,1.0,1.0,305.19695706156665,272.3100674073873,0.8999999761581421,399.1965691460503,21.662119717068144,-0.5135216063923305
344,18.936,4.2650626494562385,15.741132126087939,2.6724615620019363,0.12040840495628827,0.6493554122442916,1.0,1.0,286.7451375012761,302.1614138612473,0.3795816747493722,337.38086427313254,249.49612693089824,-0.2166137435790398
374,10.994,2.49470279563219,0.16390650261905101,0.9760899358418104,0.10448660948712298,0.764706068526874,0.9615661884416544,1.0,346.47758583250294,243.07455159421684,0.738707043424603,377.0578418483504,176.56823431911238,0.2124173277365155
130,10.511,1.0884354749163108,1.2009134371323877,0.3021363516077736,0.09505414529967471,0.8598460945848345,1.0,1.0,307.38400718374294,278.91135937301914,1.0,360.87011155703567,226.29347602252923,0.2117761905849092
1054,10.511,0.7332798335605076,1.1091496547388309,0.5686015535790954,0.09954989521025832,0.8734051690142315,1.0,1.0,362.30478570678395,224.89664001729523,0.7590051439980889,362.30478570678395,224.89664001729523,0.4486668230136993
286,10.994,1.7686985964791373,0.49926788070863815,1.2404769280246097,0.13886317884445834,0.8249442365633605,1.0,1.0,332.1529236728103,254.16197461766092,1.0,375.8420239511302,192.31122188183235,0.2629708017363632
789,15.349000000000002,4.301898123766492,1.415830978075362,2.0385452783137006,0.09429507818758717,0.4263074477906009,0.6829297159712044,0.6062867045402527,309.05039744925926,270.54549316739445,0.2459914733373499,358.82199409906406,219.8909622836804,0.2041862681329973
50,10.493,0.9780643987679325,2.0343546436448583,3.3243317822957863,0.10886421416476207,0.8236998101623471,1.0,1.0,348.5201697902952,240.8695635794904,1.0,378.45461436409266,181.58796500590307,0.326924759763883
620,38.940000000000005,5.028189743031938,18.702978598474488,118.06531096253094,0.09831099455840435,0.8829151642835301,1.0,1.0,352.99777733521034,233.99041806955776,1.0,352.99777733521034,233.99041806955776,0.2179019650227736
285,13.897,3.233488083415429,3.331741252616271,77.4440652420988,0.07979623841748114,0.7430221469442835,0.7076605795218833,1.0,337.2769969160312,249.38865262148175,0.5590011847049658,379.97855292079026,187.48188578959304,0.6409156051836561
1013,12.546000000000001,0.9018089567391373,3.2576510821776656,0.3264586207209544,0.07819177355094535,0.5721354039595843,0.8515566050220129,1.0,296.65733702914355,290.8470764160156,0.741261949367015,379.1511974437013,167.67404012619605,0.4295614120699846
485,17.201,2.2272654532044607,5.996820664933851,72.33588533392206,0.09790039938507815,0.5349597244311035,1.0,1.0,378.34280990928954,161.72084297227622,0.7397661805152893,382.24022989133834,180.4807686735076,0.5656409132216006
136,11.995,3.8599859299279977,6.430753932925345,0.22385402898787826,0.18029935255830187,0.8189673804257946,1.0,1.0,333.9230815860268,248.79697272330168,1.0,334.62504677308146,248.08404498428743,0.2026024446280721
996,10.461,1.047167206618141,0.46277839991862124,0.7049458460630372,0.1053203448770417,0.8463730356077264,1.0,1.0,306.9689956394972,279.9220691107016,1.0,372.08731824431055,78.86888323169312,-0.2074748888537427
757,11.745,1.2375144929114665,3.507718386312654,2.088552747912905,0.11232687338728593,0.8202453453153818,0.9777142712805006,1.0,344.4993561535347,245.34618210211033,0.7476694373095908,379.941630362661,186.64798095754543,1.0
716,10.811,1.036158003001837,3.1267580000554913,0.7275007433385033,0.12944475476232642,0.8897966921582053,1.0,1.0,320.1076902912003,267.60855156663007,1.0,373.2456449639629,207.46783164878127,0.3376753577293537
402,11.145,1.426601774217161,3.015285913033633,1.3325113466361214,0.1324065718310589,0.8426779905990027,1.0,1.0,336.70227079532594,250.233435906341,1.0,379.11079939737766,188.4951599200893,0.4224797568366322
899,11.044,2.100742991281172,0.9224529894175093,8.829011906673411,0.1117711713648288,0.7595502957052283,1.0,1.0,327.9953689373174,258.4959105970532,1.0,375.1364595629488,195.1996584201876,0.2260299614068998
767,10.594,1.140269772878771,1.2608118054702873,0.8181667638189664,0.09988886983030736,0.8373415408884712,0.9544095687937028,1.0,332.90537633122625,256.38357436086926,0.9110366470352776,375.40506236378735,197.66677020933568,0.3037914870352279
412,22.150000000000002,3.844478321223227,0.26326284677193795,3.486022286869881,0.1016631748385771,0.7355386993643694,0.9517870132259264,1.0,396.4242388471936,34.59964443019602,0.3776883159496987,396.4242388471936,34.59964443019602,-0.8799059116474777
765,10.994,2.7598394995523194,7.365037773484199,2.892369627691005,0.11594415854610358,0.8204169627234146,0.981822327759168,1.0,314.007805608934,269.92848980087484,0.8999999761581421,363.38927385883943,205.11411531509887,0.2027784236256153
505,10.41,0.9239579474734237,1.9214249539126442,1.4048717602754162,0.0966617844616374,0.8212442405208139,0.94839985774614,1.0,313.6826051623143,275.35774043695216,0.4488137711864193,368.32298287412647,216.73449006305745,0.3606492330017165
774,12.246,1.2719228380372842,15.02046422407276,1.2684017614273309,0.10066796641368972,0.7966837312761043,1.0,1.0,318.05006893777977,269.79796828593106,0.9016643209229366,369.8307197372533,205.39974232785465,0.2243577826389654
831,10.761000000000001,1.943378579759692,0.789085421501919,0.9305705205173558,0.11215312748140875,0.7676191689959094,1.0,1.0,296.8545676899928,288.1637504050577,0.3813312812131993,374.3356749128166,193.6367642133862,0.2030188846879441
616,12.901,2.4695540146407153,2.0733410987546113,6.058781834596505,0.12331287022051463,0.5863379353643168,0.9737727642059326,0.8942549824714661,348.3183775555776,237.78535713807864,0.9172874163012328,,,0.0
11,10.795,1.2259872127431306,1.6800937123583182,1.2110120923551408,0.12815816493861756,0.8274625880787024,1.0,1.0,353.4605414721774,231.59338690245107,0.2219072351883331,353.4605414721774,231.59338690245107,0.3303294706028806
876,11.45,1.9087451881435886,0.8686325707838597,1.9978639723712048,0.05870471516102407,0.6179108584613155,1.0,0.9930933989064238,367.2052663059558,217.02328499292923,0.966409927587104,367.2052663059558,217.02328499292923,0.3476994389542307
854,10.043,1.1233476610305426,5.420603950255734,2.289074699033905,0.1157264959177441,0.8076256625080381,0.816573977470398,1.0,341.4471345476741,247.94572389169343,0.8019686584491403,357.76276518514334,230.2783416748047,0.3096182672809268
761,10.543,0.9538664762016331,1.3580329749730835,0.09851600946002144,0.11297671618154272,0.883390297013217,1.0,1.0,348.86727174163315,239.79058017079657,1.0,377.56009872407566,179.75792876502368,0.2713079313399443
179,18.552,2.4329557844447285,6.059504935099526,5.74429943047438,0.06002470607441523,0.4043328091681182,0.522734522819519,1.0,371.87054354826313,199.2111702705978,0.3685015931279514,371.87054354826313,199.2111702705978,0.2093471081897742
492,11.061,0.6263529755765991,1.0044317794654312,0.15624275242656036,0.08115253151482285,0.7036798316484116,0.8244959712028503,1.0,373.46595376476455,202.0881783776988,0.8244959712028503,373.46595376476455,202.0881783776988,0.3476716875033469
159,10.51,0.9588783743073203,0.1762444830329596,0.6838901942851924,0.10542405351137957,0.8616989749048812,1.0,1.0,313.73579769275415,273.9707624496873,1.0,366.00808177885665,218.66118692434372,0.2988510898764039
958,15.400000000000002,6.15348449061831,6.577409920068139,13.5901218943086,0.1508447872190442,0.697516796205586,1.0,1.0,358.1502120310262,217.77127938462996,0.8525169315831499,388.3163011442687,148.63719988605777,0.6759553502044622
474,10.56,1.6067323292561273,2.2840754978093085,0.6666072028456203,0.10218619221469756,0.8753706220914828,1.0,1.0,348.0591129542788,238.95567888419347,1.0,379.4339735693966,174.1291017194166,0.3335887023796003
175,10.744,1.1112814363056587,0.6349817403985567,4.039478673115565,0.10357907510197957,0.8180906246401582,1.0,1.0,322.7888023036465,264.6243747045569,1.0,377.6033765630871,179.73586837007664,0.2270054362661322
229,12.346,1.4247734166734427,2.994977245257634,0.7211119186239162,0.11168293949208583,0.7356263053762507,1.0,1.0,303.91799198548017,283.9654799102313,0.2841614347375173,,,0.0
762,11.245000000000001,1.5046573691846359,2.1724180271080686,0.2801597208986862,0.13667663296274926,0.8223316312279374,1.0,1.0,346.68016846678387,241.84560035675088,1.0,382.9811963832125,49.273809351819615,-0.221338683818566
416,20.605,1.0243237847504716,4.739036631101669,2.832524326299254,0.005771727273748636,0.1903369983210646,0.3372487747454506,0.2638132274150848,351.27879859226306,236.52863827178115,0.2906907865872699,377.82925659682513,177.28556042418583,0.2015259014761266
435,12.399999999999999,2.131308696861881,3.1319479399628913,4.747867949472842,0.0971143398194307,0.6464380011380676,0.758401803622972,1.0,315.40288143184864,274.26003062862935,0.3960155258856303,,,0.0
95,11.194,1.9748109980136213,0.3356208206110643,1.277512384906431,0.1160734797638474,0.8851076537782357,1.0,1.0,314.41293420274235,271.7893850782476,0.9307951853473556,367.6963185405152,214.6651930317276,0.2262815353723535
1007,10.393,1.2077438151608793,0.2313268064789299,0.4903728679007243,0.11108456651166773,0.8494206043826501,1.0,1.0,331.25956945490134,257.5567815261188,1.0,375.0058516801297,194.49766240706893,0.3864491838101496
90,10.360000000000001,0.9887047998569897,1.9023631020764256,1.5612751408526129,0.11719795272888132,0.881025454409791,1.0,1.0,343.6551139313103,244.47279625463895,1.0,378.5366294627564,181.53920163744343,0.3492506037012155
594,11.211,1.9063734378353585,5.055146136227256,3.111849118275633,0.1257915621634899,0.7628244900124573,1.0,1.0,269.9042999533328,317.76061509310034,0.5817924660639271,376.35922855849833,196.51215739197795,0.2088272870970207
183,10.344000000000001,1.0691132065364204,2.094155528624272,1.6012415044511337,0.09412906185148703,0.8784483927255302,1.0,1.0,335.1886981121377,254.42518762692316,1.0,377.5287387369011,192.5328771445081,0.4220416765583553
1070,12.046,2.519706561667247,6.660398764652365,5.1319107077818,0.04784837764322452,0.5885652791889467,0.3548862321884316,1.0,252.69186608466023,331.58195709010425,0.229466133972728,380.2481652421936,165.0198251799,0.2675022373622161
283,14.047,3.712222268760552,8.921235699139467,32.53211433809043,0.08039436142070669,0.6398228637227257,0.5743815376810367,0.8338444828987122,304.6853085049145,280.433472109196,0.5731505171686087,,,0.0
239,10.8,0.8794099588141138,1.2953115034026161,0.4990228608191142,0.07419183162346435,0.8221464278920544,1.0,1.0,348.8317211105163,241.19149605624648,0.2723639624859075,358.50265298058093,231.04049918870848,0.2084616875817343
301,22.589,1.420964168389143,1.2043604517358266,6.259112816008431,0.08017616632524693,0.8000284700545759,0.9189755386525056,1.0,324.27194484743677,264.72168114741874,0.8988701278263278,373.2543810255341,143.19915893141606,-0.3912006364369714
1058,11.193999999999999,1.4449363486532092,49.83003589321051,1.6453990868409216,0.09092964861066502,0.8274547645008558,1.0,1.0,207.67162593467796,377.0683041245368,1.0,207.67162593467796,377.0683041245368,0.4278096776052802
19,10.26,0.7638859026178065,0.6369764631038397,0.09405906797851904,0.09049569038552865,0.8537764885184791,1.0,1.0,352.0082195883697,237.28152676794664,0.5419638400038121,377.18030772871606,183.53757369288516,0.3602105226922542
464,11.094000000000001,0.8607259236124032,1.5490854601796817,1.3908475617062235,0.10325133421232717,0.8235356967579085,1.0,1.0,327.8699219798564,261.2469993116178,1.0,372.77240390378967,196.75037556803056,0.3597383811758474
879,11.094000000000001,0.6688394551962469,0.41238214514863114,0.8970342057464735,0.09588950073790613,0.7733820236032906,0.9553362131118774,1.0,335.74785266457866,253.5640046542376,0.9162262137411168,377.2491442397905,183.43486686727803,0.2730529079308593
439,16.55,3.855572074138807,7.034470584498016,7.166962506553938,0.10924971470561141,0.42630465645001886,0.7067510020879147,1.0,270.1198514942528,312.26676986827886,0.331412640084893,410.9028236925316,19.50230953278161,-0.2095298092082201
962,10.994,1.1674275372051792,2.908611742696609,1.5714177991418226,0.13160684016735527,0.8580558378855879,1.0,1.0,341.51592011824897,248.0167310233738,1.0,379.31171263296073,185.17291993555472,0.830114891401215
1059,9.459,1.2609885113003887,8.183861758009066,12.601373912494365,0.10304778103531165,0.8289396547202071,1.0,1.0,336.14849257253286,253.9789136301086,1.0,366.8856842833607,218.1271642943864,0.4933648983682008
886,10.344,1.3226602195284038,1.2563522405488152,0.4124738352888797,0.0922201083390269,0.8391289255693957,0.8236269354820251,1.0,327.5944394843523,260.96272748015645,0.8070834183762239,373.9712513548671,202.5871229378432,0.361487690047952
868,12.346,4.754655375952364,12.67202167803332,6.046513010277814,0.08017653022048048,0.8433616829652628,0.6000000238418579,1.0,298.5835876464844,282.8179931640625,0.2540995052882603,347.0777587890625,220.81515502929688,0.2278157621622085
384,14.25,9.068484344950377,4.08887771191037,17.127828045334997,0.0656269355242392,0.7151975830529396,0.3530971521263631,1.0,372.9145186809654,187.85398839995952,0.2734986040695488,372.9145186809654,187.85398839995952,0.2570519576191253
1048,10.492999999999999,0.697936073019112,1.3883426367722411,0.39385482299315194,0.08637458489106915,0.7889135332001291,0.8937212587221465,1.0,329.20878232020334,259.75313470159426,0.407323151150242,375.3487989346152,198.48584931901863,0.3545854951390699
487,10.950000000000001,2.377638527033888,1.3628592656164618,0.45983487619921165,0.12001993748960876,0.8435364253246777,1.0,1.0,329.0045314680356,259.5415513950048,1.0,372.6868460305961,197.39129092863072,0.201580898395773
62,10.844000000000001,1.7711244458573565,4.8527141268800715,2.8270898137936546,0.13093371837306322,0.8464376672064586,1.0,1.0,348.79164830779723,239.7118164415232,1.0,374.220630495516,196.18033417999504,0.2152183273345064
1011,12.246,1.0431111037652214,2.3257301781775106,0.18803867081773654,0.10276455673124159,0.587704242293667,0.9320188760757446,1.0,326.78693550772664,261.56528021931706,0.910149019831522,375.8427438936517,198.82292535227407,0.2280528838772662
1050,10.450000000000001,1.147365559818855,0.5025624502730379,1.4324166051901959,0.10537293294718492,0.887381221234387,1.0,1.0,351.2343908371105,237.92037292124576,1.0,376.71121586129823,183.75407232302896,0.4646611080793695
324,11.011,1.4621334377820294,3.402043122597793,10.540868637956839,0.10943124525575161,0.8773613616542113,1.0,1.0,347.80042335485,241.56415288026545,1.0,377.6466857345016,175.10033790447093,0.6207969301552684
980,11.1,2.312296567511715,3.2166882136905364,1.220228884092628,0.11744609576421515,0.8017049536069406,1.0,1.0,320.2257026228043,266.28951484828286,0.7439479266250234,367.28589731914013,208.52727045960728,0.2606926214723946
519,15.048,3.469844693534098,4.874600236687936,2.406922002992348,0.13083153154832575,0.6729130687568963,1.0,1.0,347.52219224857254,236.96346487757404,1.0,380.6042421771732,172.3798452683287,0.460087596490111
1016,11.394,0.9770444937400021,4.883610456126075,0.2638939856197975,0.07733997717728486,0.6740890815829799,0.913143474960702,1.0,324.55586218079367,265.0157224525369,0.6652383662192672,,,0.0
89,11.094000000000001,1.2288898497300456,3.0391972219223145,0.09526381847935818,0.15410426213977924,0.833061362814078,1.0,1.0,323.7813064211272,264.212733168065,1.0,375.0351694242868,202.35898289133448,0.2977730896996537
1083,13.046,2.4262592018852787,3.949826623722719,7.341422090024281,0.032601879235184705,0.6970983264228342,0.381893831697268,1.0,324.64845203150736,265.1117212953268,0.3742144577631645,368.15340962298353,216.56131719538607,0.203617960069259
943,10.594000000000001,1.4854646849266921,0.38871974929415154,2.288860177826152,0.11612804238592282,0.8577369123924001,1.0,1.0,337.80678281813226,251.37618809185344,1.0,375.4046491456899,190.22040330866568,0.3750329745633679
345,13.197000000000001,2.632114232303927,4.49747915583748,4.315523164674428,0.0973828332078048,0.8103188024332681,1.0,1.0,301.3275167402176,284.1572186266393,1.0,377.7128927664232,195.47315343010408,0.6416454440329229
70,11.845,0.7121401509095383,1.9578875617850522,5.950583351301335,0.16701997512986858,0.7607679255223708,1.0,1.0,344.8031705507465,242.78244825255967,1.0,376.5622084896756,187.73141208782576,0.2496251798522956
543,11.845,2.8542617976311653,3.9973382577753838,1.0456950289220852,0.0955203401930295,0.665714644650029,0.9226133668490047,0.8459772589573809,309.6994828609578,272.66187338268224,0.2409658577879284,360.9539714823936,214.92241694555153,0.2111930391352608
633,10.744,1.3219356999168843,5.063258903380884,24.687131300135004,0.11034087098350895,0.8950887718747971,1.0,1.0,293.6829303238127,293.5258915225665,0.5301509608484964,374.8347327871432,196.52858809168615,0.3069867016903252
486,10.644,1.3712015850992572,16.306538941230194,3.029763357287034,0.12909494393512325,0.6340306946674998,1.0,1.0,303.9167621230741,282.52049940935376,1.0,374.40243985016554,155.1730269240586,-0.2112348165034791
830,10.594000000000001,1.82956373111338,3.199346242519879,6.86887975267412,0.03974346132018681,0.5940091612073545,0.5971916212363781,1.0,355.71237906673,232.47807921975857,0.3575567782395779,377.8973016651223,170.48916269706783,0.2621465086804728
947,11.545,1.457818709117769,0.736282753166308,4.1971341831614914,0.10521420768357202,0.7816580983605744,1.0,1.0,336.25343446804817,251.2083520253701,1.0,363.51278274508206,113.98104447579772,-0.2931310141960108
959,11.1,3.523833241129718,5.468576763527364,7.787619132528372,0.036204229873892865,0.6446874369614882,0.6151231288423012,0.8730108397147028,327.72471771461693,256.7755945036823,0.2297152534571631,402.43958487402654,22.172505104040248,-0.2193097883400601
771,10.61,1.3454440931180236,0.581700950388658,0.48107725307250165,0.10811824865547602,0.8477450748780125,0.9775867168427494,1.0,345.3978351575757,244.8370007907643,0.7847235798835754,376.87276371693446,186.29590348962705,0.2378352004826335
978,11.161,1.5054543796814817,2.5796173683564505,3.2770145983574985,0.10885159688344845,0.839729323532139,1.0,1.0,293.21503330150824,293.0384345129522,1.0,377.68659765013285,195.482875967344,0.4437473844328999
168,13.85,3.2801639897067116,2.4571095786651598,1.1204510320374539,0.03528402814426199,0.4154369999818016,0.2370596680396928,0.660074770450592,360.068200881018,221.16916122311744,0.2370596680396928,,,0.0
677,20.354,4.28714156447113,8.422522095302886,0.9761293522203317,0.10064448852898453,0.8258243106036509,0.8999999761581421,1.0,312.4328623475593,268.2916789593589,0.8999999761581421,373.2276222260033,154.57819612562096,0.6966237841510033
686,14.548,1.361392513264256,1.2567559826462584,0.7304517485898837,0.10165919752417116,0.4861688114138056,0.8793289783964664,1.0,305.4244419302508,282.64547580375125,0.5607186040813712,377.7598230377032,168.36161954181483,0.2006524871508809
1035,10.793000000000001,1.2534278658710656,0.565256216427982,2.844017790820885,0.1229805069631834,0.8638239963901939,0.8925719261169434,1.0,314.56138920866516,273.3859555271436,0.537306511951747,364.2061616679399,221.1125412268832,0.4008258478887846
391,10.844,1.2213732549683827,2.4016508834543533,0.6571942303334466,0.11321937868407582,0.8412134585255779,1.0,1.0,284.9718266546914,301.75983050345445,0.2374140119927098,351.9328670142545,234.32845804184865,0.2221272235550938
108,13.747,1.4320468150527974,2.3507165783811055,2.045499685503759,0.05133599701638334,0.4652386668896556,0.6079286281161635,0.6040629661235304,333.8699739575056,254.49986660200497,0.5870224833488464,379.0892366736088,187.7206815498092,0.2679774081487147
599,12.045,2.25149883167877,7.148985753797756,6.08328293964802,0.16779399995028726,0.8217415726477837,1.0,1.0,353.2587208110488,225.6402789137948,0.9726406138314434,353.2587208110488,225.6402789137948,0.2208971889506744
151,11.443999999999999,2.1015312696701525,2.1079228105577608,6.047970604319998,0.08705012362769685,0.7579295079816648,0.9057426918080228,1.0,309.0027549246404,279.15075151729997,0.5117316189836553,356.4932067022364,227.53487329268677,0.3793161536962722
622,10.444,0.6649141747864067,1.8566610330159252,0.6241416597184051,0.10780703270064557,0.8752071879922044,1.0,1.0,332.5663311847812,256.0299068728382,1.0,377.1451064370997,193.1556941462048,0.4222918906961177
707,10.461,1.2172293093378275,12.417579557418515,25.228637766748466,0.0736106201951375,0.7909734298015708,0.6309808698651599,1.0,268.48686409921254,319.1656511827101,0.2041909591532478,371.8066245498452,208.85715133644928,0.4150303041693642
38,10.793999999999999,1.7482000651389407,2.0419699223034455,0.8816192782420862,0.09225225937067212,0.8762927206191694,1.0,1.0,360.14961527886794,228.4241679997565,1.0,360.14961527886794,228.4241679997565,0.3298148546064488
98,10.794,1.7407816588536094,2.39138020129931,10.616910770540581,0.07075153584195783,0.7445595866977887,0.731958515918181,1.0,340.56282999659726,245.5922354856256,0.5840840426552918,380.33991064561087,52.29483768412952,-0.2279665965461989
134,11.896,2.935276862357317,6.882355066454642,1.1147521667597922,0.17353078584144888,0.819637569007379,1.0,1.0,347.89547566296585,235.91126802005869,1.0,348.51769992450807,235.1160613909516,0.2255869068078213
810,21.25,2.817661195681199,2.681352615713615,1.1448832450889386,0.011754670591552285,0.19942312476373966,0.1211905858120603,0.3419852256774902,,,0.0,364.803075599604,133.64412353079507,-0.2072446439082251
71,11.045,0.9639720024371117,4.5728453017421185,11.56403937039016,0.1482516831477668,0.8520775408886005,1.0,1.0,332.99616236948447,257.9148090177337,1.0,375.61252907764896,201.67862498768648,0.2494640492195246
341,12.697,3.1610827640538988,8.63264064488837,5.424625230817501,0.07115882000130656,0.5919577323641602,0.5426244087899356,0.944182515144348,366.3738276539518,221.8987883154396,0.4622909749571356,366.3738276539518,221.8987883154396,0.2147420778838096
602,10.745,1.207730684102018,2.2137119616532437,0.17492003684440438,0.12294444126290054,0.8312006987583659,1.0,1.0,332.0194718113368,256.90408926950374,0.9685275321994988,372.8694583321196,193.92749904258295,0.2061588435469182
96,23.958,1.840883107412437,1.4994170369595106,1.6928729742778763,0.13583769552560174,0.867455560546637,1.0,1.0,313.07502201323365,276.1689337733049,0.9447693009125558,366.89526428397534,84.45674890410706,-0.6898430711674257
912,13.247,1.4216412067986006,17.93175514617471,5.0036769839991555,0.027056438657551782,0.48970425129320205,0.5381469503443392,0.6854352355003357,345.6882920594029,243.69709242209152,0.2663267650392969,364.8208146092288,220.30940136499052,0.2547580718093386
940,10.793999999999999,1.7144743094477117,1.7700982717601024,4.032988650590637,0.10173851314594153,0.8781757225639784,1.0,1.0,305.87492400406484,280.2279339560768,0.2258308443469922,356.19366902915505,228.66293277827043,0.2019434618550872
760,11.011,1.115597440867591,0.8789879812363669,1.3491889282430332,0.11726396365608657,0.7917594856766448,1.0,1.0,329.4758817704696,260.0286093599969,1.0,366.72524214060286,217.9629695339167,0.3506910587097965
99,1.4510000000000005,1.4263647901736554,274.3788346136196,191.99124146146838,0.0,1.0,0.0,1.0,,,0.0,,,0.0
1071,11.394,2.2310373608658365,3.181836380416916,0.9698954773613961,0.11720634665974834,0.7799076773691554,1.0,1.0,323.6046762161052,265.47034758227545,1.0,360.7403843750505,223.29162271020328,0.262784865920768
1076,21.087999999999997,2.9520932792282086,3.8232642096060183,0.2756542195879508,0.1530442668529442,0.792288970065928,1.0,1.0,357.10170151005207,223.8563677003992,1.0,375.22275110549776,163.10760836074377,0.3153915652801174
843,11.495000000000001,2.811775615289547,4.240032120012519,0.759803574046295,0.09427961114588511,0.790930971365939,0.8121797442436218,1.0,338.69585574592725,250.85434892213073,0.8021944526567834,354.373676759885,235.40978016877617,0.2404767958943831
28,11.244,2.2662219145588107,6.283877693235254,0.3088883857005092,0.05479307370261541,0.6832978058726733,0.6405516828598783,0.8848249316215515,330.5811317424963,253.97408546952508,0.6368544190329873,,,0.0
759,11.795,1.0343864104785263,1.2348873374836016,0.5374177560402854,0.08444041533753768,0.8864767763112748,0.876619279384613,1.0,339.8907788273532,249.2121132307335,0.7035264993080323,376.9020533772697,190.70284602916345,0.4121480782936632
422,15.35,2.9269643844344717,4.247016165128248,5.012541099585459,0.028626900560067954,0.5055946710052746,0.8479549985327545,1.0,380.3945780139488,178.12214842404484,0.2448175989793657,380.3945780139488,178.12214842404484,0.213976211666086
639,13.947,1.9438922670863539,7.011961103716731,2.61725679685501,0.10125623289254185,0.8207591846454885,1.0,1.0,343.1419241731579,246.8198812274716,0.7121426055554436,382.91312651164833,184.62550730590192,0.4238923004616946
483,13.196,1.7446820117215405,2.3242396816294217,2.6558338969523665,0.12597287644872954,0.7313719816622365,1.0,1.0,278.5744209557732,309.50058837712805,0.3211907213386865,376.3447344358744,197.34193859006433,0.3188008392639304
624,10.51,0.938847610552412,1.6754478415454832,0.4984823714854446,0.10012026234917623,0.874221692298303,1.0,1.0,350.8755314769112,238.9881198378453,1.0,377.7989695034121,173.887893598824,0.3313081936015299
927,11.962,1.838138121569737,17.39722539512108,4.027568093815218,0.11653153306399033,0.71814536703669,1.0,1.0,315.6685954136572,273.09342482526336,1.0,373.0878600087792,208.73824599140823,0.3193369870202837
728,10.793999999999999,0.775212972987161,1.9532353673442429,0.487768020944851,0.10825155586380505,0.8631616876413382,0.9965557004092924,1.0,321.31692601411277,267.42182398227607,0.9505044636241892,372.1994551304812,209.2600785397224,0.2503074320751851
884,10.644,1.305957459441043,1.8581796236089363,0.8080590505350201,0.08745450084040136,0.821423976072908,0.96788489818573,1.0,351.8811782964526,237.1510140294812,0.6921363671620686,352.58484466443355,236.43968917135695,0.2229311575705859
350,10.6,1.1554777905444666,2.419044109437859,1.8018195031514583,0.12170085691137891,0.8079564950153478,1.0,1.0,349.3394757616538,240.27758904638208,1.0,368.1709684645261,216.5792130098958,0.2085875030914191
503,13.146999999999998,1.6620491437486375,2.6762740409145445,3.4435614312987286,0.04056875149648098,0.7197521948726907,0.6000000238418579,1.0,322.9349036906229,267.65846471486145,0.6000000238418579,376.01237158152287,194.15846019593667,0.2215670426069504
770,10.461,1.0819713503322237,1.1214898841748524,0.6096518254046199,0.11851411695729394,0.8302539792222865,0.8446668805758448,1.0,326.5498309089142,262.76135165020105,0.7995997071266174,372.1843361232592,200.77448836616847,0.2095107196465782
850,22.706999999999997,1.277697579719915,3.784999822298072,3.0112614486771565,0.08392424423891112,0.7972976468782683,1.0,1.0,292.305229731848,294.9792109440313,0.2043215823966187,379.61570581580133,190.6931766414024,1.0
471,10.443,1.0431888224396986,2.0322095371446123,0.48745915213804514,0.10554355716200552,0.8868939141034171,1.0,1.0,308.73171977243845,278.86918911934123,0.2570267709235226,364.851686814712,221.77338695294875,0.2508508137317638
328,10.744,0.9958685365566211,0.7932242076106242,0.416297188325481,0.12279101163651944,0.8523195003648842,1.0,1.0,316.00016302598107,271.9959051240822,1.0,368.9317452274305,211.63973582812565,0.2363174038129141
638,13.85,2.2980833947768615,2.9060154524128596,1.2793083571576038,0.053801014437038004,0.44076628766091713,0.5166173134416824,0.7983367443084717,231.387463053972,352.6858803069404,0.384949731340431,370.789429993756,143.37331495031847,-0.2051619409987356
429,11.261,2.065823555924387,24.210736156144456,2.9878238125209684,0.12490899034842609,0.8327809588079335,0.9748430100168192,1.0,273.68118510577546,313.05770641291514,0.2289796951614331,337.4522008276532,251.0089754771037,0.2067316785420176
671,23.407,1.4101648271564415,2.7695749473813023,97.55606638574658,0.14304637679682297,0.7077929788779272,1.0,1.0,256.64994382731015,329.902160368941,0.2128140459363375,378.2626174281561,188.66454248739925,0.4159611744483447
674,10.261000000000001,2.012481462832855,1.4452558686312964,8.740620289839692,0.09781961683017304,0.8420831579101131,0.944581141873448,1.0,320.4931666359409,268.00794971587015,0.9180792601910588,371.03977407587246,208.07131988307236,0.2234754237132568
124,10.610000000000001,2.0561022440103556,18.83016538181548,6.0957082552062465,0.09845980674589454,0.798940829110615,1.0,1.0,322.3819998045513,265.6436900993377,0.5058191358578542,368.9321355902866,215.92651227936736,0.3128678027905379
1046,10.793999999999999,1.2991488746344964,0.9051046224284784,1.4082558258624367,0.11181094550471816,0.8587428268675812,1.0,1.0,354.5765283150309,234.18238182748695,1.0,356.53463051279454,231.88858861729307,0.211167551656968
440,15.748999999999999,4.2816743682418625,0.928627010355565,12.227196744247761,0.09269805754462787,0.8444764797355864,0.6000000238418579,1.0,256.9154887375099,321.6445367260563,0.4036780418010388,376.616358728772,185.03503629003893,0.4683689141018551
562,11.193999999999999,3.070045299068787,10.455278840427978,3.9193181558557373,0.06689764268683521,0.6161680931769474,0.6617573634958145,1.0,358.3297234531841,215.09519466558635,0.4855631842713718,329.8655921765584,257.5529153095843,0.2385755706311316
484,11.695,1.2246417324939538,0.39719640939862616,2.188997459795565,0.10662771841994288,0.7856754748282914,1.0,1.0,336.3334300010667,254.17057864948853,1.0,380.39354235302767,168.12891401024916,0.3465401246465914
915,10.944,1.280949651750288,0.5099158190906576,2.973506543099174,0.08940727333055752,0.7776746333721085,0.8819708404185569,1.0,356.3852105159421,231.7341676862214,0.6678033471107483,375.86149064064944,168.20184608143722,0.3446454729909961
773,12.046,1.0186330651039501,10.16154752794046,16.614543826435135,0.0644314181670529,0.6252074233778699,0.8953268638014426,1.0,363.450563981634,220.3385688703381,0.4943521667144394,363.450563981634,220.3385688703381,0.2016643952801726
351,10.451,0.8623977887675326,0.9842442432210174,1.3915046856189945,0.11698430318849132,0.8512748599750464,1.0,1.0,332.86170877743734,256.33546277757756,0.996272400915356,375.1155898150276,197.49499188445503,0.2116805028254081
673,10.761000000000001,1.913270479407566,0.23059385185377693,4.319127920665962,0.11504714963165423,0.833445750170858,0.9161560983222148,1.0,312.00642208839776,275.0587055506108,0.8999999761581421,367.74034011306895,210.42319373030688,0.2108793848950046
160,10.694,0.8521597228469198,2.6993951056052534,1.4772129809704102,0.11801730503709798,0.882268623489281,1.0,1.0,345.1833300333244,244.61394105459877,1.0,378.8645717236728,179.0065002109427,0.6454454591488176
614,10.994,1.449750455497894,1.385961225970459,3.4072163065092664,0.127367308975023,0.8216034641844937,1.0,1.0,267.58485483937886,318.24529624979897,0.7677332875311164,369.14566081891735,206.13194299316407,0.2076887605611305
585,12.095,1.5755413013964772,1.6295584097151257,0.31099617646945904,0.12710279500974186,0.8606686186845192,1.0,1.0,316.7073961244012,271.28793360418774,1.0,377.5889747954112,145.123438166842,0.342428474332528
46,12.246,3.6710842292122248,12.25216858609582,1.7933720307056678,0.12598613303522985,0.8053321190763112,0.9342809353076236,1.0,286.31537733884346,297.3963310305869,0.8003543684344568,346.25465315760744,229.9055461526849,0.2665165245547963
779,18.302,1.5913913803258917,0.9069533226083905,4.032536174939387,0.12679902924148276,0.8454621753283424,1.0,1.0,343.88133865227354,246.14543118927824,1.0,355.36519657757447,233.55815188742997,0.2103501669600083
613,10.661,1.1340571317986075,4.180058295160245,3.197235825098195,0.07936348971174524,0.7790057108136003,1.0,1.0,365.9946323333728,220.07862200459567,1.0,365.9946323333728,220.07862200459567,0.2885789983298117
700,10.394,1.152372751188227,2.0827490265089543,5.961578185150973,0.1203840905178406,0.8761496934648014,1.0,1.0,317.67462881769,270.8498120677322,1.0,370.2821115196298,211.58946342818237,0.4486531315733202
180,13.097,2.77855126177344,2.3951186672955855,4.541058490668299,0.07754186312413688,0.5453222028913406,0.6807907043682692,0.6964370012283325,316.02041979007674,270.5747165486384,0.2032329227469766,349.88972614986795,236.5325751935932,0.2045878508262062
186,11.261000000000001,1.2239179675336518,2.8546580083685225,0.8180983510049157,0.12376103139605074,0.8732424692604095,1.0,1.0,326.6061483787955,262.8185530814604,0.9671120464429344,374.0045112602909,205.3796431368443,1.0
535,11.094000000000001,0.9625433832379033,0.7467272935119039,5.004236263291569,0.12636427861142974,0.8061779135512801,1.0,1.0,297.682097678185,289.0253779096204,0.2868168124976329,367.48036122715627,112.17496297010464,-0.204309221171425
217,10.61,1.0009791954368743,0.854284041649336,0.16494347673500936,0.10421339896078337,0.8485332812380476,1.0,1.0,359.32453973462015,226.14021162738467,0.4986865098111938,359.32453973462015,226.14021162738467,0.2286293828021859
223,10.494,1.9536197457025029,1.2769184174109849,1.310307642677147,0.10796157584365179,0.8511803269935568,0.959339814598286,1.0,315.9960776345168,270.549369149708,0.8444247851242744,366.65402749889654,217.89120518539224,0.2202007359053943
178,11.411,1.8655487987325912,2.3200163903349518,1.804213079112875,0.13813280007104548,0.8359723107786675,1.0,1.0,344.9031591349936,245.763029632452,1.0,377.4082796826775,184.37399171805677,0.3513998053839177
29,16.884,2.1206132595495775,7.70973809215409,52.35541565557953,0.08902187875682635,0.6917796827073494,0.7695909091300028,0.9107041954994202,330.34746536906584,256.6121638077524,0.6000000238418579,369.51865391160845,197.0883176565316,0.2217662346072757
358,13.496,1.6367331874449795,1.2506435421061672,3.110617217603506,0.09084182518857954,0.5474153597753145,0.5086318254470825,1.0,247.10521613003476,337.2921966049808,0.5081079203200795,,,0.0
939,11.445,1.219213180464177,0.38420883704868153,1.7788254674598822,0.09786924621010464,0.8484399045570117,1.0,1.0,315.44685120595176,274.3056210873851,1.0,376.9475521881436,149.9497073215404,0.283918946353545
54,10.343,0.6507586908635001,2.5850974836363267,1.09519339061695,0.09686170923536115,0.8413847379366127,0.8555138546931755,1.0,308.47913633557187,280.0494285352189,0.5083540964759875,373.54006337160416,204.9024316622045,0.4079230636090535
747,11.543999999999999,1.3067087401401658,1.4720546475603766,0.3500037004383891,,,,,,,0.0,,,0.0
672,10.794,1.5232657287431648,2.091874591746956,2.5976593458739887,0.09312890092782933,0.7069913403548979,0.9037274528335738,1.0,352.75678358750304,233.7414874681916,0.7178497914818054,352.75678358750304,233.7414874681916,0.2018157370548051
538,10.544,1.5075902165439479,2.9819259190812177,7.890644289841576,0.14184813143581076,0.8241147958985441,1.0,1.0,339.7596540855952,249.0786015373581,0.9712067596235516,374.40163872852304,194.26250398691184,0.3152865143627978
73,15.548,2.6523007941139296,10.451504042457643,1.4024198960856669,0.13448697804232349,0.7836791180970412,1.0,1.0,353.08750589426774,239.8412913443887,1.0,353.08750589426774,239.8412913443887,0.329766235026641
758,10.86,1.6031894017030621,0.25309109361126775,0.13458305387238922,0.10374657703890394,0.8116509067541415,0.7307055592536926,1.0,300.80162787782973,285.05289929154986,0.3936168391500478,359.8765764200571,228.14493640586787,0.2462116972654721
456,11.294,1.9179779333561793,4.827900299450219,2.2044908856258547,0.11733731586513106,0.8254271222855338,1.0,1.0,318.5736858621684,271.7833626841728,0.6795678356317026,363.48637403821056,208.94084010847047,0.3619547917205853
298,12.145000000000001,4.296187764941357,8.29492108769375,1.8487663864378991,0.16202927908864662,0.7467108650044637,1.0,1.0,321.98393623841383,266.67212293342607,1.0,411.1138524179791,15.223699828854823,0.2673283471492726
296,11.094,1.1981959192669465,0.5348964185136238,0.14562412445679168,0.13298773410496403,0.8679805090054661,1.0,1.0,344.0419621127295,243.4345318514954,1.0,376.96010234237514,185.4618964286628,0.4909024371921806
685,11.795,2.134025256348829,6.84067582163818,5.566643551258335,0.08091759594562863,0.6530871890955097,0.4647167410013738,1.0,253.91514304114315,331.39694076687454,0.214623256718872,361.8762373950555,218.72661300589584,0.207724756719253
1017,10.26,0.8556668534955061,3.8018316387605617,1.919835778275744,0.0844881325522278,0.6382825952997319,0.9151498212929327,1.0,336.0178255405112,253.84345091449464,0.7559283898206292,378.2713924409724,187.1852848700824,0.2218825188784179
1037,11.945,1.6908321730311002,0.4372854289633375,11.695146370071736,0.10380901438031544,0.7612968100980738,1.0,1.0,262.3989898707636,324.3608418124663,0.3811410900012483,378.0846798562896,157.19607808980487,0.2050056509416295
45,11.411000000000001,2.038569335613488,2.0983788972891473,3.254785036976698,0.06278132524471389,0.6784698128801083,0.6045745849861576,1.0,321.841517536248,263.6419769412852,0.3926337322950979,321.841517536248,263.6419769412852,0.4360954790693748
1001,10.293,0.7895742067215061,0.7010743972102658,0.10849543507536229,,,,,,,0.0,,,0.0
419,13.214,2.6402489884093554,4.407198681943749,2.099762436446886,0.04901690382668622,0.4046721428201482,0.3351938782130903,0.8410162329673767,220.01817030068193,362.53034850480225,0.2018580996464448,372.0543460231045,178.14470354696826,0.2385626492029071
27,11.495,1.7088653685037238,3.18873466160171,0.8168510965058543,0.10752868818397754,0.884920598976896,1.0,1.0,373.2223837072645,208.87635774167623,0.3273856171658266,368.6791635202371,217.0983216287071,0.3147800668942999
234,11.694999999999999,2.1089324945312993,2.984526828028645,7.038751865082411,0.11784054802490751,0.7757649750563587,0.725132557942189,1.0,303.41829694327663,282.0020247637215,0.543194027775425,353.61271677077195,231.75084513005137,0.2205883717573199
1084,27.444000000000003,3.605838534604558,2.260262399908567,6.008160709355811,0.07654985940000532,0.7619525193802307,0.6000000238418579,1.0,325.606659433946,258.901569964534,0.6000000238418579,370.4787482619615,200.39972066340536,0.2208327546846675
867,13.297,4.303660306273216,5.229076286146437,4.148081376546338,0.25816158116962523,0.8797685800586404,1.0,1.0,298.4945678710937,278.9584045410156,0.6000000238418579,358.6215209960937,215.65505981445312,0.4789640605449676
532,10.543000000000001,1.453375319098143,1.4566023611289163,24.272621167476313,0.13775501620927205,0.746350319420924,1.0,1.0,297.87737711017473,289.22886328853986,0.2160564405943147,378.2758524065028,175.89283913872111,0.3374002374996796
853,10.294,1.059482287088609,0.5107477723730568,3.030185910337006,0.11732603523806431,0.8482425028839309,1.0,1.0,329.5005902206306,260.05500874568685,0.9942654997291116,374.2459909559445,199.48507723157584,0.3250539012121272
133,12.896,1.912776020308643,1.3817479916794198,1.23580853106544,0.16828086682589666,0.8282740763898946,1.0,1.0,365.7055480131922,215.4919263586889,1.0,365.7055480131922,215.4919263586889,0.6089415335135938
357,12.896,1.894046840379366,4.589419044754281,5.6734340615146275,0.13543720985037108,0.6956308959866474,0.6445522864768132,1.0,232.93512094013744,351.40508383222965,0.261440679661846,379.5893025931654,184.1325635166216,0.2038694948383504
417,11.795000000000002,1.171272345088386,11.39287722798432,1.211306818465232,0.1688409164754839,0.7726990142818547,0.7854260761806723,1.0,309.68258247371085,279.8578359832922,0.6066816576858872,348.14845555757523,239.04780283786337,0.2597552289888289
782,65.399,3.6552161236895673,2.065507233711595,74.49065580180996,0.07675212696024857,0.6029681327377495,1.0,1.0,336.9876888660688,249.08935399801155,0.8630652865454417,378.0906119033916,187.97694980002927,0.4338869801881242
86,11.245000000000001,1.2175356938269393,1.0642952636201828,0.7442187562400885,0.07588828564538672,0.8211949313401498,0.8838438987731934,1.0,315.4534178913121,272.87023742746175,0.6423261165618896,375.1503691408627,69.68975791943534,-0.2046039760867251
42,12.096,1.3326888818729439,3.590141336412626,0.7345755723934271,0.13298035336277855,0.7531845760991545,1.0,1.0,318.70163256210793,270.4744291738889,1.0,369.8238085775563,213.97957543877857,0.2067493371251232
942,11.845,1.27039966265262,6.785437715783309,0.5460242822527215,0.10730504086762338,0.881753547263484,1.0,1.0,333.8568943334629,254.48592116618156,1.0,377.5635848143569,198.00496828413,0.763568616415282
949,17.902,3.7230664689031063,3.4340064629586973,6.1661442340152375,0.0839924210392464,0.41688396776749337,0.7197176715150414,0.8731517791748047,347.7401601580372,232.87579691049564,0.5139431465714007,381.9026332018544,185.02221074857084,0.533753976030214
583,10.943999999999999,1.7458473135990613,1.9070377554305211,1.369538518567018,0.11543813654235073,0.8559072686709166,1.0,1.0,343.9518352994052,241.90289533441717,1.0,379.00382027236026,183.53642891465344,0.3921644427083725
821,10.46,1.492397699810923,1.7337749181680633,1.6460025508030438,0.11876015164026422,0.8769233512650739,1.0,1.0,310.2496117226046,277.5612639451812,0.2417448270121927,367.5084059902167,217.33293799462763,0.2004242738303525
329,10.894,1.3527533520483497,0.2247471791557525,0.20117267743081907,0.11005619567290713,0.8690842318108032,1.0,1.0,300.3841910966323,287.50734762104366,0.2381204625345625,377.20986833243535,164.322945430361,0.4608283710890802
248,10.459999999999999,0.9685886106857857,0.22609211128472542,0.15875617819053786,0.07891066656359284,0.8192168501684178,0.7529205176476972,1.0,318.2211663155736,271.4176226183461,0.5381731879123606,367.22788708238886,214.1877949712986,0.2069052457231005
632,11.094,1.305751480352903,1.9111562548003695,4.089836380789576,0.07022805725763068,0.7081362288838506,0.8457383512004507,1.0,314.1168076822826,274.36631933817984,0.2292050050690048,365.0210862932197,91.20297766171072,-0.2980549080738598
1030,10.511,0.616840605056541,0.5319030530066224,0.2131326200777318,0.09689668865279488,0.8592673949155256,1.0,1.0,301.18170805102886,286.89315228484514,0.2972485461649304,359.6923117746631,229.3905435621656,0.2092710764779885
392,12.162,2.5043538265133534,0.3260003324790744,2.114232665410282,0.09136787168988522,0.6652981705467256,1.0,1.0,329.7861001442165,254.59072773096625,1.0,373.7880602238442,196.6661821989481,0.3922949172247039
952,10.41,1.106419200206014,0.3373129503281774,0.7827544195858099,0.07509397805075481,0.8536801449191349,1.0,1.0,330.22985566143495,257.93069526432873,1.0,373.8690185941006,199.15362838120416,0.7854436385482222
131,31.298000000000002,3.420725640008045,3.64137072228195,1.8095893637153164,0.006681203350080638,0.9416823016467072,0.4730265833020018,1.0,371.43856113625645,212.77170809420107,0.2168770160238627,232.804990796882,351.274739307038,-0.3286404075329182
564,47.687,0.6791470454430155,268.13680980559263,346.17709402431524,0.08071564316988093,0.7825648452552902,1.0,1.0,193.70886075406727,388.5567496950572,1.0,193.70886075406727,388.5567496950572,0.5664062895603323
432,21.605,7.053651495223518,4.054738724478025,14.065097662019223,0.0,0.9560825979186833,0.0,1.0,,,0.0,398.83449591096144,25.69610634230857,0.2751683170062119
851,12.913,1.9537741267012763,8.135863774726246,5.441181865733194,0.09642670977808179,0.6683006846945482,0.828234244631936,1.0,319.50992559347867,268.4296389684059,0.6666479199825616,380.05508063680026,198.30695484975425,0.3317327732293951
885,10.294,1.3025951195259624,0.6752119719671995,2.4539566073134935,0.0900425882058987,0.83722916381865,0.9575204304894622,1.0,328.0890457449608,260.03300433112577,0.9475654897469918,373.0245844349519,202.93695814373552,0.3443662766812197
834,10.511,0.8147799178090911,0.5803268149035203,0.8182393347840234,0.11830892225148817,0.8563481930518365,1.0,1.0,329.5776022816908,260.1355275222789,1.0,373.73170969833126,199.04847159176444,0.2265024173436965
950,51.806,5.600491105308121,9.14993328795889,35.786614739997184,0.11512185887884378,0.7047785133847646,0.8105267141666144,1.0,348.4381660407824,230.72239174526433,0.640675801030627,380.6477433492173,182.5805899625668,0.9496915629315176
410,10.444,1.2551538890309089,1.793118861898097,8.815628447420108,0.09219866966342259,0.8105131443173487,0.7948378414497917,1.0,358.3830899419135,229.48011100987387,0.6022907449034014,360.86988927305504,226.29315300611063,0.2013725588509171
668,11.895,0.7260175610459826,0.8920843947897954,0.11630925600663343,0.1150185384775318,0.8147874625194483,1.0,1.0,299.09961998573476,289.0576927674036,1.0,377.37137058803006,184.18551296400324,0.4070181375276957
563,11.111,5.1794522639424825,14.59184690867529,27.02342673333523,0.11689630965133127,0.7702400078698638,1.0,1.0,312.3956053621996,275.46316979056564,1.0,350.9615585959169,226.14393332109935,0.2264644514176505
390,11.144,1.383696594996411,2.9567469294301043,4.134671775793317,0.10223719526098456,0.7587684363597381,1.0,1.0,343.4173851485028,245.66586499592157,1.0,379.4795601747734,182.10678344835307,0.477066432338363
72,10.744,1.413856356795122,0.18830766147138295,19.09090281525006,0.1124660309805512,0.6469021095208342,1.0,0.7742122411727905,317.1313429262432,273.170162583338,0.4805412295148537,365.56886816966966,216.78151134748285,0.2167436630516612
840,11.544,2.0680993578088596,2.4422709774584854,2.545673581831469,0.1510664023485706,0.8198289079217819,1.0,1.0,332.2673993791853,254.28048270089283,0.6099025692258562,162.25500328994377,415.0509453899104,0.2944010998199625
839,11.395000000000001,2.6359354923941605,3.168658261252561,1.4151218352826924,0.14269924966326938,0.8323947874067495,1.0,1.0,343.9643438737548,240.47802476084553,1.0,374.9799868603372,180.06643312167276,0.2426277791152661
946,11.044,1.2420859329211682,0.4141345182533966,1.5107694139298393,,,,,,,0.0,,,0.0
863,11.394,3.3996712437252774,5.951274226997205,1.294352423880184,,,,,,,0.0,,,0.0
294,11.244,1.7518923167859368,1.548232101498633,0.4286428876963109,0.14209447542534656,0.845265355327092,1.0,1.0,324.71343330075223,262.29737787367225,1.0,374.6855777172746,199.8345136905254,0.2580409045100086
339,11.545,1.558117341054988,2.8515011238127532,2.635048645942358,0.14948819446723363,0.8339146661919031,1.0,1.0,316.539006722883,272.55508596920214,0.986990787012038,370.4813635794538,200.3231712122179,0.2337685834058867
889,10.360999999999999,1.0257020795027167,0.8145579417062311,1.263746366183947,0.08644611699183934,0.8496614151274653,0.9685309121419358,1.0,335.71431174921014,253.53178133112513,0.9622485476040914,375.60708018006954,195.42896643178213,0.5266729129221419
32,10.661,0.9880827933808921,1.5201261365460574,0.6431714949139661,0.07872570182769209,0.8331025341798232,1.0,1.0,324.0601668553865,264.501888752758,1.0,372.7054776423388,206.9136936230684,0.2624167450485472
340,19.753,0.5430203858488797,0.9407345326941595,21.265766452767068,0.17054933177154902,0.724612270846002,1.0,0.9766536951065063,342.5330356324099,246.19012144843245,1.0,376.09868108069634,174.7986310359724,0.2840567441025568
317,13.497,3.225107671655355,10.249768184823274,4.115924928590517,0.03605788358457577,0.5051599465388906,0.341316198892974,1.0,361.53192517604106,221.23746769602704,0.3222774629292417,369.47774879370553,199.76170726654897,0.234140192268438
731,11.912,3.599719175150525,3.6469005089720685,4.346564519009405,0.11952560980055914,0.7866260716786445,1.0,1.0,305.194264397412,282.40605257148707,0.2766224488135737,359.16310235042226,225.97476223070052,0.2090929636285736
473,10.36,1.2368735937213797,0.2798784442935136,1.2669639918279083,0.11010014686793243,0.8547677320111656,1.0,1.0,312.2012920801289,275.26109306689307,0.3645426961421759,363.071698771732,222.81510637310188,0.2656706874639215
822,12.446,1.30586212524569,4.136781055229896,2.2626692171993956,0.12044165322456585,0.8605130409513396,1.0,1.0,347.9432214307325,241.7116216625556,1.0,380.55481000307225,174.6330044730371,1.0
475,23.239,1.5821716709170162,1.113595238025248,1.0491803903543304,0.0,0.40948034978711256,0.0,1.0,,,0.0,163.08357645101876,414.46735116802614,-0.6236646794424774
199,11.311,2.3520626747344933,2.196219797536944,1.5510493899602034,0.1411810226875164,0.8563252361074005,1.0,1.0,351.47019545078416,236.72656581137693,1.0,379.0366768808353,178.90694432527647,0.881353624227668
8,11.311,1.057322210181291,0.4881727613312946,2.7188232772762606,0.12354579178734082,0.8574796307059256,1.0,1.0,296.0823575444506,291.69253263919046,1.0,369.17679385880535,105.64105029236109,-0.2235060791382105
123,11.011,1.8545683142031162,2.3950246283502263,2.9190123781057853,0.10702235018438716,0.7495777406966351,0.8106038393043302,1.0,326.04628756296955,262.23811943355867,0.3930670249620089,371.87052474886445,210.35373600092288,0.2791376357624661
184,10.594,1.2612617930056464,0.29091444962052215,1.3210195418192738,0.11609319537436523,0.8680598234846627,1.0,1.0,324.45948290800175,264.91597794818546,0.9865216276181727,371.5734668261,205.75263006164664,0.2692605114059992
362,12.344999999999999,4.200957465286471,28.852144945061678,7.586414406965531,0.08819088060048388,0.8180604412638254,0.8108619671497385,1.0,340.02700986880257,246.47693938554536,0.5964809431030227,362.95683613289606,218.401746884094,0.3955013076377959
659,13.748,4.37624930442647,11.620466329602124,5.92707236722705,0.06502075032052874,0.4946149343590169,1.0,0.6730229694198667,342.8425503068905,236.44273682974597,1.0,349.11286461932093,228.54473308270195,0.2010046928570758
518,19.303,4.016259487863003,15.79327469707334,5.786490748807576,0.12158709760868722,0.7321370026347517,1.0,1.0,339.09781804006246,246.95508955607585,0.978299915790558,395.7843342963296,179.61523542998356,1.0
660,20.75,4.151308531411127,7.653293403635061,4.438324281497017,0.17395670362495033,0.38411380184557387,0.7615381078274044,1.0,281.8202808596112,301.3696572034405,0.5553187797531287,362.17365801126914,205.5319692331442,0.2065107463817836
993,17.233999999999998,3.13510434021873,1.3075056689401916,1.9856441268541558,0.13631215986397052,0.47189339556694904,0.5054942785454498,1.0,429.9960431162516,-1.1955511800779235,0.2240021575118104,375.765507498538,192.81180620834144,0.2102148923888909
267,10.3,0.854606892572246,0.8665606874858641,0.8858176897525811,0.09564998050030232,0.8310112498016909,0.9273869079097532,1.0,290.77471969594546,296.2710075088232,0.2043573670907011,377.2595132860087,184.42254980701512,0.2637085707384651
665,10.76,1.0743514547214554,0.29242447752955575,1.7657600409836203,0.12511956611441383,0.8546128789445759,1.0,1.0,322.7460349918188,266.0211817359829,1.0,371.4512210681895,208.4930160077444,0.2095143907784944
75,10.143999999999998,0.792993843797064,1.3515493537744738,2.4695036467112472,0.09190881597492388,0.8456852515318676,1.0,1.0,338.1135443751596,251.6932564814396,1.0,377.1786525114746,189.4873093265716,0.2427616997069268
742,11.945,2.0186101020143035,6.415070995173186,1.5971130258944541,0.06523935576029219,0.5585968297227799,0.7034621431159851,0.9158922433853148,349.9512355415034,235.15826481691283,0.6632390961116144,375.20849800948525,171.86569669899856,0.2646096038766839
945,12.094999999999999,1.6544241817593404,2.0535948112452695,0.5112105862287494,,,,,,,0.0,,,0.0
802,11.562,2.170621690048048,2.441130645445001,7.9118314642932,0.09964820061166585,0.8221225105937212,1.0,1.0,332.6264066562682,254.65166040304845,1.0,374.7076254294567,125.67509574468382,0.21999115775525
495,11.245,1.1488008812543486,2.89073792146362,0.651038587686216,0.1473539841426322,0.8428169397170535,1.0,1.0,326.41583051169056,262.6207599444908,1.0,371.5556316911717,196.33664732604683,0.2161091559064547
841,13.948,2.7493957593977503,3.211114388051086,1.383294419647173,0.10880847954226446,0.8125089220074935,1.0,1.0,309.04939065654304,277.75672630241456,1.0,364.3117606779532,221.2216315901659,0.7359025238229217
856,11.262,1.0267008592436906,12.139402936593516,2.108529614944517,0.15793437061733417,0.8059900996142467,1.0,1.0,262.79237626043204,323.33812955921405,0.7940382155475415,370.57102795642766,206.15831060654483,0.2481087161028987
937,15.649,4.839197271294303,9.126619138885655,2.65210703956321,0.12825997557733101,0.8606217151605562,1.0,1.0,254.477515115712,331.96360386749126,1.0,391.1167812789709,180.1468474517156,0.2191387653751909
921,13.247,4.037910036393753,5.039415611615873,0.9341073360812839,0.1258412469765311,0.6698327885373351,1.0,1.0,342.5656174755372,246.22424535044064,1.0,368.137639116153,87.87887727710303,-0.2301252471022155
605,37.638,4.324368800131002,7.9090516801161845,4.376251091531152,0.063100039651022,0.22360869274696704,1.0,1.0,364.74255518127046,205.928946729901,1.0,319.13050756561626,273.80149481269746,0.217365358987551
872,10.744,1.397221543689298,2.710909036014289,3.9341716475074557,0.1276764513363404,0.890903122179061,1.0,1.0,334.0756808674497,254.7128259337704,1.0,377.94619388929823,193.30744500036784,0.4027983165631321
84,10.544,1.4029616734409964,0.1828354768792981,0.9216200165525271,0.09563688005533724,0.8678583888558339,1.0,1.0,334.44759449724694,252.21840314402377,1.0,375.4863973161815,191.68160197681465,0.3069730175776384
524,10.945,1.4320734395739465,2.172526112090684,2.9339430770562336,0.11697663217947371,0.8734675721390439,1.0,1.0,297.7282318365242,289.07369582771537,0.2459550536538264,377.4794095338532,167.4141080066979,0.2243864935259053
74,9.193,1.2767132047722505,14.479555530887204,9.928264150109824,0.13870180268823348,0.8021050190980026,1.0,1.0,314.93842399236206,273.7773862292671,0.759037525269259,369.0173894310926,208.86585918433607,0.2223375480278519
233,16.5,1.8979019645958533,11.562843409854217,2.256713698999072,0.049719180139832994,0.4373058293053043,0.5977812527166692,0.7081254124641418,316.02511451234926,274.9061125745157,0.2437344140291639,370.3185307950796,208.76541928271175,0.2048549644119777
883,10.511,1.328930046544624,0.30319912224169415,0.6573550512236855,0.09704124585256726,0.8322453370513154,0.8305547833442688,1.0,304.7521784307673,281.94697081444025,0.5458276386040422,367.2970958952122,215.6875473583821,0.2669504778490816
736,11.211,1.402353807535811,2.732268501693319,2.157684919628297,0.13935556097328855,0.8596746035340227,1.0,1.0,303.0153526071338,285.9139029375795,0.2144660736261686,377.7096968177834,170.58245425755484,0.576207580933705
664,10.945,1.1809199286089802,2.711795950076919,0.2912126394486791,0.14078080129853054,0.8600885048761256,1.0,1.0,369.4755094470896,213.62410903079316,1.0,369.4755094470896,213.62410903079316,0.2987630092705438
607,10.744,0.9451647761750652,0.5326740710756286,1.1002336520685763,0.10851767757015757,0.8561438982735597,1.0,1.0,337.4785934636107,252.4776066207364,0.9815744161605836,375.14771219732944,191.1943237339873,0.2839711405720553
838,11.344,3.464532887561541,4.098906187987297,1.321129211626194,0.1302821563267041,0.8243411959381116,1.0,1.0,322.7869200993972,260.3000714783857,0.8999999761581421,377.64494557063006,56.51813353544109,-0.2660945549087768
857,10.994,2.1829146205115877,11.316837510970478,3.060594928905473,0.10430610466436173,0.7994425801726491,1.0,1.0,308.85712202023234,278.9997533553686,1.0,359.0711568638514,228.75068854125655,0.262135083414945
666,11.394,0.8922180203265332,0.6757570121487554,1.7460362571389656,0.11443175374023205,0.8542455240814996,1.0,1.0,293.186363311081,294.4531880544049,0.992059991177768,378.21562644413535,181.72785500117712,0.2533902154703225
243,12.396,1.5598559270881696,2.891168898967545,1.4082954077436296,0.1938416902806189,0.8225903437610252,1.0,1.0,324.39650932585374,263.4096735354744,1.0,369.71111354128146,202.4063689174313,0.717010316086944
998,10.994,0.735247137691488,0.8945662548860109,1.0076737049346438,,,,,,,0.0,,,0.0
138,12.596,4.404504162245598,4.7705092038971,3.461509601925953,0.14716885105640531,0.8422435849181495,1.0,1.0,344.6838259917656,235.46903732749223,1.0,372.370530972114,182.18768455432007,0.3921759803063021
809,10.894,1.2645299148275966,0.5350692798883853,0.9338005500575436,0.10772183150403092,0.8678698006718409,1.0,1.0,304.924177786505,282.1253965029019,0.4113311366227112,362.40319418907166,224.9977275133133,0.389406680362299
205,11.460999999999999,1.9154983517016761,0.31773121983140323,2.9010060201604713,0.06220897668962083,0.6891096020200121,1.0,1.0,290.1448051350956,295.61439404076367,0.2194730579194084,372.7998461728952,201.4647587918392,0.4321677898045036
9,10.944,1.2448533621193927,5.1473256510092975,0.24946303432628117,0.10402415702614708,0.8512771214641185,1.0,1.0,331.8806097790372,258.1995867762154,1.0,372.8524378249978,174.2166689666733,0.2073805769422062
327,10.611,2.205000549791539,0.3528684328824203,1.6701811776314486,0.126986310204264,0.8715025328308437,1.0,1.0,349.11613417784656,240.04705662616064,1.0,375.81296788243566,191.77489595352336,0.34459655508333
1029,11.011,0.7458767980458014,0.31473816334609395,0.970475427068852,0.10091260859277251,0.7848602794222924,1.0,1.0,329.25834930348856,261.2451758163497,0.874901285815531,376.93290463531423,182.49418768815863,0.2121891239546481
17,10.6,1.2961397045634266,0.7928125356809848,2.1615919575086155,0.09012323873590608,0.8185216655095893,1.0,1.0,323.68449260585686,265.55368545937034,0.8350859348499061,372.5852722741069,202.48578213973784,0.2264819751043274
482,13.697,3.2907726176401004,1.3637955776346349,1.0244389268747052,0.17471171784061873,0.7190534372137234,1.0,1.0,302.975308845576,280.0982391021184,0.5601489410695598,379.01468719395695,181.25162686057973,0.2584728472078811
33,10.709999999999999,0.9537115856755205,1.0853092341608368,0.2866671096073252,0.09999265797065658,0.8150401521780642,0.9538047313690186,1.0,304.6476695700809,283.28127675782326,0.4269835003101717,356.8664383826588,230.79250921618635,0.2692439809585394
372,11.044,1.2849241034243455,0.9586898378256775,1.1113324567898675,0.12229967668564251,0.8723220952617274,1.0,1.0,350.0305768632397,239.55359545196453,1.0,377.1155002552552,178.84973516725717,0.6593823605445895
316,16.299999999999997,3.7562342584710757,2.5408768824651817,14.794480072802259,0.026853738481154937,0.629943607682597,0.3799590202595994,1.0,356.68157282900904,232.0396693889332,0.2613701143971942,376.12914818156287,189.04040994859963,0.2653917363628634
295,10.911000000000001,1.2280975157282719,0.9496625302944404,1.849763824292449,0.1224415840319475,0.8843909375573374,1.0,1.0,322.1699795768396,266.86508780126377,1.0,371.6268964411539,207.2411143252724,0.2342785347591746
984,12.194999999999999,1.5941240766017133,0.7877188015924512,5.018806406257792,0.12948166249816676,0.728649548742598,1.0,1.0,324.90379233865207,262.49455202392016,1.0,374.23946630042394,199.4537584733072,0.201703376651194
598,11.545,1.747002444427597,3.3505160913962295,0.3401178625003438,0.14666865472969587,0.8396028898104558,1.0,1.0,362.3195852194353,222.04476679124443,1.0,375.96796028928543,199.86373651500736,0.3149540546457186
359,11.645,1.251100932906957,0.7961874427883094,0.16762620804713704,0.10689311417378047,0.7752448156140315,1.0,1.0,329.89889247193366,259.0278568894004,1.0,394.5651807438106,34.20662958605072,-0.2049424083615747
881,11.044,1.5814237493743266,0.895979281936335,0.4725952420669514,0.12235075739240404,0.7860709189475569,0.9372397661209106,1.0,307.9717849581448,279.52171695221733,0.5273100940429066,375.4408302119828,185.45844322491783,0.271170209014084
531,11.061,0.7994035237580606,2.4781922178295885,0.9395421266847143,0.09923258585254202,0.8115897429115543,1.0,1.0,291.9295298341437,296.03098264344686,0.6242523110386079,378.2790967485024,183.90051342989625,0.4165776877011941
147,10.51,0.9248355749913533,0.4199125861128687,0.17856320269396111,0.097888349876609,0.9117075253226764,1.0,1.0,325.6590233201834,263.27766031185354,1.0,373.54898747586253,199.82974274372705,0.495618454636651
895,10.861,1.0423174808477662,0.20655175012851726,0.14948958986552105,0.1290817549137359,0.8480735481120646,1.0,1.0,345.7576893941249,242.3307820058706,1.0,376.5912185802145,184.81659196766688,0.3357399965986016
898,11.411999999999999,1.8323521863876497,1.2401558579338536,2.4497573482140984,0.13405620626810283,0.947976004158088,1.0,1.0,357.0964843229722,232.46750913608815,1.0,357.0964843229722,232.46750913608815,0.4943374614799409
523,10.994,1.373012795641651,2.840243783397183,0.547933355174199,0.11584494074647532,0.8495469629116091,1.0,1.0,330.4588587567148,255.28746982548816,1.0,378.02543696356094,194.04961820169825,0.6139644300162592
207,11.061,2.8985205652069657,2.5948657821160825,2.069966225102192,0.11870034217165176,0.8228268370397155,0.9600962996482848,1.0,308.82095197639205,278.9620376484506,0.736414202427704,359.813725957067,225.20823136586992,0.4421981277992728
43,10.293999999999999,0.7047714528031014,1.5870342546019918,0.5517065390948979,0.10843403254919039,0.894160235707329,1.0,1.0,323.454854305065,265.3152943278929,1.0,372.81043393270767,207.02156188668565,0.3565910600289819
441,12.896999999999998,6.465763494180589,0.7647943621551688,15.558488282758228,0.07617111501391245,0.8753030270587562,1.0,1.0,324.69765164384535,256.51935448525217,0.532718088245491,389.6508618629924,127.71325638418926,0.7999086387862089
797,10.801,1.1231122432687612,6.855125002562434,0.15799410339184325,0.11506212574396416,0.8095086178935779,1.0,1.0,332.44740971139106,257.3466604381696,1.0,374.1953332296774,202.7519429649656,0.220462506526526
808,10.644,1.4172272416350673,3.0423217107916445,5.279677192686529,0.12808764349620902,0.8816483408781641,1.0,1.0,357.35702053159895,229.8606352526932,1.0,376.5498367218744,160.44843127159845,0.2182649171534215
508,10.694,1.2907996248208424,0.478760738217767,0.5438940266186201,0.10784122080889989,0.8333810027511649,1.0,1.0,337.686994168497,251.25230301078332,1.0,375.9961288903923,191.73723384987633,0.4364373408478554
526,15.95,3.407976657450622,0.4494848119530335,0.21747819873028965,0.11499410790875847,0.5123683618882274,0.9449361269925394,1.0,265.5430232146296,313.3041407769755,0.8063804260007807,266.2759958548323,312.6234370702024,0.2059173574379521
1056,12.946,2.0033154792677315,3.3463017981692142,3.5165962607732695,0.16583756757695528,0.8586499880065999,1.0,1.0,287.1415288231193,302.5727061186557,0.6000000238418579,372.5071783150861,89.66875362490757,-0.2044576797099014
132,11.912,2.8580460832800534,1.3889769368395373,0.18151949340210285,0.17503442069185834,0.8120909714486398,1.0,1.0,304.2022014273947,278.4881220564537,0.8741155682601881,371.067266936012,202.362502472418,0.3070919100114049
688,10.443,1.4480852393927972,0.5304450787070135,1.0292117861338927,0.09284721336195874,0.8344640382963078,0.9697316970242036,1.0,341.0685909343564,247.55399958856873,0.8142960476622043,376.1370749132856,191.23586973931376,0.5477189484813272
832,10.594,1.1609045733975574,0.3014807979865789,1.0145182099648153,0.11765048990242735,0.9013734392745866,1.0,1.0,333.7370592273616,255.80211965578664,1.0,375.12578987909313,195.19432324141704,0.3253980874809977
83,10.544,0.8057562964980783,1.9685267676156597,1.2115383812911347,0.07880157653972619,0.8152962327751856,0.8604332676908023,1.0,337.77877011253725,251.3472497451152,0.7082696892531286,377.992487077748,188.69047703392613,0.4864357253632237
1033,24.391,4.125344753885741,5.817508202335454,13.487455575255916,0.0654747105714907,0.7402224940702388,1.0,1.0,293.75914730704625,292.1610961151399,0.9863400159932691,384.0819088035651,179.36968340195648,0.4226953712739751
601,11.043999999999999,1.014688234466406,0.6944755146089404,0.8035894428307848,0.1090631869224553,0.800059800624245,1.0,1.0,338.5050813048804,250.65943065319445,1.0,375.4259630381632,189.64700646709196,0.6429220476596476
694,12.946,3.5128805749011875,0.9224314597951233,14.055104138298784,0.000975734645543547,0.8704995483887722,0.1872570785237983,1.0,,,0.0,373.2775784349676,199.5897393785484,0.2813786756118035
681,16.651,1.4012793767704612,3.3614880661832,0.18569300723707846,0.033403424255447144,0.42267790326106647,1.0,0.6741093768177306,328.3739981103193,260.32861603008325,0.5109092375528614,,,0.0
717,12.8,2.693407901318962,6.442900717825035,7.346294281337906,0.07725213610677265,0.5260481910688991,1.0,1.0,321.37666450335036,267.48346700272697,0.7115866590769411,380.04903756737406,196.3368341509725,0.203344299938693
690,13.447,2.0819261129467046,4.217851126849395,2.028218935513519,0.004037532152152489,0.4674165822613497,0.4877252124528117,1.0,372.87679016344384,209.9537937419476,0.2972922353093544,379.2291739420457,194.36750164357096,0.5871715104969387
1034,11.712,1.7633344825816901,0.9094203066121194,0.6653416668325564,0.1255146062813033,0.753768270797079,1.0,1.0,336.90187111567997,249.00098413124752,1.0,374.6610945330657,191.54959650724223,0.2080802186091782
480,11.244,1.9153561082127784,0.21839792870734923,1.3688585510580096,0.12720130076702824,0.8311721568715406,0.9421910686909644,1.0,302.13120614707833,286.4377200413453,0.4086108579183694,376.2311457831429,181.7147121489461,0.352025256611177
376,14.296999999999999,0.8724380746142743,2.0945216518643512,0.09531588365709831,0.1191055446509463,0.6256493168738211,1.0,1.0,218.5544820295012,365.3140247028917,0.6971551626430919,374.2829245733197,201.6014446732975,0.2060532536752566
844,11.095,1.3221730868252792,2.3700472427820745,2.826125932725033,0.112601154598437,0.8394407986601462,0.989144504070282,1.0,333.5661435185995,255.62393261951135,0.9707400798797609,377.66471521386273,195.4675338025144,0.3261367390598517
137,12.196,4.9407668448435205,3.702932658674484,1.997532517162156,0.1446247494876011,0.8344092395200411,1.0,1.0,318.15389635240706,256.93841140334666,0.8999999761581421,367.07434781975695,142.2408538258404,-0.2381131218387446
749,27.961,3.9587755288841384,5.960696717448474,28.810997225581474,0.08995380131483911,0.8764072119100407,1.0,1.0,324.53482274784153,263.55270205738327,0.9308447312442568,376.38713418462646,204.95954422745683,1.0
481,22.806,6.523309664788492,8.953348626509214,53.530992023494775,0.14980093134091407,0.5742423790161039,1.0,1.0,433.42651058870234,-1.8267244454090896,0.3654407417409053,383.9728282660779,184.1987175979989,0.4760022989940749
662,11.761,1.4029273526499855,6.548920816163284,0.7716406937774156,0.14728138932888682,0.8196523620846399,1.0,1.0,368.38716001854334,219.6615163613479,1.0,370.20394814036246,217.22404742576524,0.2079007996038502
265,10.549999999999999,1.1093843338683231,1.9983004309547927,0.0929094670111785,0.09390551017848887,0.808294090149357,0.9878324572648814,1.0,319.74727822882386,268.6760195028559,0.9615587950206074,372.5595603107256,206.76379457922775,0.2707741959876389
177,13.397,3.646755842370985,15.15314555638599,1.5833419176972248,0.11186548746575645,0.7689613317961022,0.9906677007675172,1.0,339.1937262853469,249.9323894246785,0.9906677007675172,389.0680283762315,38.75002704368352,-0.4130544496602678
1062,11.044,1.3447645317881973,1.6354588681677131,2.367237074299155,0.11127242597220287,0.7789737206916522,1.0,1.0,335.1279978095609,254.36230112218408,1.0,356.13337969846646,231.47545869598449,0.2004466928569259
504,11.595,1.759915248692423,1.0965162745118961,9.665037868675276,0.13159582203394193,0.8397703218336832,1.0,1.0,313.15382906484564,271.9237963481425,0.7359052483410607,378.74451558927205,160.91138878799066,0.2598786693666039
989,13.497,3.1487687998982015,3.0776756632846958,5.981825838202071,,,,,,,0.0,,,0.0
48,11.645,3.801506074157997,0.4873425791665586,3.6006021411417395,,,,,,,0.0,,,0.0
1077,10.894,0.9791099723621853,0.25862366422798294,1.600979217282082,0.07752460825896822,0.7422839878743217,1.0,1.0,305.21360228251615,283.8701056818677,0.2008159703181061,367.021747884798,92.66341127200776,-0.230109317086029
738,10.995,0.7285188510768776,2.207723025357442,0.8956492575575177,0.09481779923115874,0.8733365923186587,1.0,1.0,315.4983418458959,272.9168291801991,1.0,366.786287869007,218.02571669321773,1.0
284,25.793000000000003,6.705381279755677,70.57885881831088,161.801891622018,0.13280911106917323,0.6163244308304179,0.7504919767379761,1.0,308.508218145011,272.866513245565,0.3798127272586817,332.90129597054886,247.73961017582573,0.5570240711061337
882,10.611,1.0883607826021078,1.3363428648439,1.1804583618916897,0.07922723171303171,0.8010652035808936,0.9557394101150845,1.0,349.2201288687336,240.15446555656104,0.7293311281517859,377.99453741382706,181.8624712827177,0.2907426954788181
730,11.996,2.4650104489516917,2.9487466436149443,1.9538402353563187,0.12436364304962377,0.8084716921772997,1.0,1.0,338.1535362290458,251.73501681306368,1.0,372.57092450847256,189.85905358903625,0.2120607778553817
558,10.594,1.4006606713466845,1.8061801206607861,1.6188398588787203,0.11125990017748348,0.8433322960474234,0.9907587170600892,1.0,337.86766481322917,251.43948509735287,0.9775567449026716,377.2415525480081,192.5154459247152,0.6792572513791441
0,23.951,5.110443060274381,10.719485417482359,11.197786219358349,0.12464707210575485,0.5896056138618183,0.8928906917572021,1.0,380.1997441004586,204.3983777931068,0.8857684300968557,402.43639404889944,133.37308839103332,0.2588014925227759
370,11.25,1.0908731955789348,2.8687922161813493,0.5489569450705822,,,,,,,0.0,,,0.0
640,11.311,1.3601155547570876,1.3146668605678051,2.057555090864342,0.08725217500633786,0.7484398933360378,1.0,1.0,267.8499086411797,315.66126707072544,0.2068995548170803,371.9725817236464,73.64396756658667,-0.2077705563024591
270,10.75,1.0144556753646512,2.4231788315709353,0.601301718423111,0.10442296115863639,0.8050424470053665,1.0,1.0,337.26937644465073,252.25925247597343,1.0,368.6787198481669,215.66817200638863,0.2042696446976588
936,11.495,2.8524512698717595,6.519013308396831,1.4138949139037298,0.08570868193537348,0.7356539331431016,0.7679662103926254,1.0,350.5759382356422,228.6183406895876,0.5402337722314455,373.3046110640298,173.98016359197183,0.4976356170026974
104,10.943999999999999,0.9457340341892836,0.5909443024637195,0.27985193155569504,,,,,,,0.0,,,0.0
691,10.394,1.1766006939603688,1.8359772552332692,0.8671963777905479,0.08327144169295714,0.8481398459519535,0.885470603945588,1.0,317.0048945610512,270.15381948265116,0.5627819448009902,368.9910934460043,214.55802043020864,0.3724261716595935
352,10.35,1.0082987027499188,0.8982100785541665,0.8052957304900437,0.11061097233268055,0.8390932857747052,1.0,1.0,324.39923107777344,264.853367625311,0.7068381383204436,373.5848704683178,203.51316335507403,0.2464084390058011
1051,11.75,1.3350904031233308,5.113674384231792,1.5267781877585744,0.09119948928920213,0.6545357402371791,1.0,1.0,350.48714890243286,238.58680661459417,1.0,378.97743668405536,171.0340010127371,0.2623340080835854
516,12.15,1.915328301195065,1.691381095954042,2.633355873000115,0.08127124531371666,0.6198364303127484,0.7114060720626912,1.0,329.11872085602187,259.6596581434493,0.5062243307226477,379.246283106057,176.49280339305045,0.2017956517478616
935,11.945,2.2113487110573926,1.2387914385893422,1.7574364309452986,0.09550516221882595,0.7337644058008044,0.7555886298347967,1.0,323.2151495442044,263.62566081011647,0.3726547516516529,369.10636173782655,204.6575286630263,0.2347371960670508
589,10.5,1.351859695361113,0.8322606403889368,0.47719591050015997,0.10364077025852422,0.8194916322519801,1.0,1.0,336.06685611380686,253.89423271754407,0.9784084080880728,376.5031952419944,190.73288614657008,0.2146048623573877
555,11.445,1.2339444046025183,1.2704915743473921,0.9066478163145318,0.08738110880638149,0.7295163016069841,0.7567029153868172,1.0,252.49641239900345,332.80217552651817,0.2420738232248484,378.0776776704087,183.94257724695493,0.2982337076234351
988,13.096,2.741633241370022,7.568548414670616,0.12826664753237493,0.13122886848791343,0.8590523432119881,1.0,1.0,354.88501401198533,227.31517724488913,1.0,354.88501401198533,227.31517724488913,0.2049227953545357
591,10.35,1.216324347323565,1.2691772437839142,0.1396082225285508,0.09761510867092442,0.8461836988059378,1.0,1.0,289.597688124062,297.9304337844782,0.2835058278644749,377.58130982684605,174.0047952487384,0.2173662541935286
330,10.845,1.493732502085313,1.137840042825623,0.09504026899756296,0.11897371121262654,0.8808956759762181,1.0,1.0,305.94409470716056,278.85678282478784,0.3511583188363653,362.3204369178185,223.4791531815488,0.5048306081030104
477,11.899999999999999,1.5145481241546095,2.3420017699948588,0.1043536624527317,0.12823286821662186,0.5899108086280602,1.0,1.0,313.4660729304994,273.6903985544117,0.2711140260576789,373.085066819862,201.63167651213433,0.2031630064512748
849,11.543999999999999,1.0729993229324721,3.710550074624596,1.2020607639076661,0.09773620327751216,0.838320204501557,1.0,1.0,354.4209582705644,234.02174665684208,1.0,378.9473189173664,167.7729949512479,1.0
670,11.594000000000001,1.2418254645403928,1.8672529550820929,0.1049342262962549,0.1406319323917416,0.8265790516155999,1.0,1.0,334.86534681644054,252.65098881866655,1.0,377.1019689030858,193.7888079120032,1.0
318,10.649999999999999,1.1449358715363254,0.4159049333034873,10.024562786819128,0.10147432147838478,0.8347779325862875,1.0,1.0,356.23922950338095,231.58372939052788,0.748760302539018,369.9797152723804,209.8499449137581,0.2159118032504823
181,10.399999999999999,1.189410433664904,2.1239021832326648,0.7710120014595787,0.10713329548733794,0.8210548460436208,1.0,1.0,324.3800049939024,264.8333825529046,0.9883594671241548,377.204841812484,194.5475069569624,0.3373973874357544
1020,10.31,1.05715976742336,0.7541188560292436,1.8258654415723792,0.11831909169557772,0.8599411498996258,1.0,1.0,363.062959270633,221.37401080733957,1.0,372.53002313197675,203.8651452707768,0.2853642713299071
703,23.189999999999998,3.4563433863697037,6.405933691569669,4.807218334737751,,,,,,,0.0,,,0.0
708,13.547,3.42832596584773,1.4476878797928374,3.7523040460655546,0.05267823331502482,0.5348687471645955,0.7143814460265715,0.7793087959289551,323.1421536708224,257.7876591060472,0.634374614858971,374.9570052170113,149.08156406155504,-0.2096853503297676
745,11.045,1.5929451461063637,1.833212944038744,0.9889304240585847,0.16237832852638007,0.8190725115978406,1.0,1.0,353.529522338907,233.10171542371333,1.0,374.62029638045874,171.03731791178384,0.3362943384891901
64,22.589,2.73792245973632,8.497294724827682,5.046968505683402,0.07769850382941788,0.7253384491465167,1.0,1.0,340.68551857266186,245.71917669228375,0.9721096158027648,367.65308315029006,188.05811144360288,0.3793968229645587
781,10.293000000000001,1.2401913851619337,9.476200694378376,2.176792761286025,0.12725362336097787,0.8054204679802106,1.0,1.0,271.03764316704235,316.06488304028926,0.274784606302562,,,0.0
697,10.761,1.8780510590817927,4.571080910781334,2.474531869520627,0.14704611748868548,0.8517276111081086,1.0,1.0,342.9452080430728,243.73926615413893,1.0,344.26301063215226,242.22436276288096,0.2043000610151761
271,1.100999999999999,1.45174256370429,306.5081125271047,225.83929421224454,0.0,0.948420085680991,0.0,0.9492450107138578,,,0.0,,,0.0
517,12.65,1.4327612458973655,1.3904555383385,2.1596414239894894,0.1362746517504156,0.689852947766963,1.0,1.0,307.27470763520677,280.2403206058098,1.0,376.7016508057784,193.03148233827304,0.2011372318691842
185,11.295,1.18926945094863,0.24145930660557413,0.3014838689663155,0.10686818305675735,0.8807850521490174,1.0,1.0,318.97571520811897,269.31696464290246,1.0,368.1365434430804,215.11477074148996,0.7839286278315952
837,11.011,2.505095347044949,3.41110536687452,1.2472618736154735,0.12369876061158797,0.826934737417903,1.0,1.0,326.86214575873066,260.2026591712081,0.9313105704499528,371.0300194646662,196.76739896277223,0.5985396880092042
891,14.448,2.145956165764707,1.0838702137267884,3.9687398630973933,0.13998898130096576,0.645094477118581,1.0,1.0,336.6171124170697,253.02402865147008,1.0,377.9655063977815,183.0632578348695,0.2100664208945472
434,12.15,2.4759877931816536,3.6040775688036777,9.317528719720064,0.05532038636155044,0.533913198194617,0.3496266713852886,1.0,282.7114911033112,303.7298962381004,0.3496266713852886,378.11772721880294,194.0682079437591,0.2199986357989238
142,16.901000000000003,3.6018751257409174,6.022400621324524,8.191750815965138,0.09825614307677244,0.42591875828152354,0.8827570384895284,1.0,304.0199876484813,284.0716079741364,0.82878897361039,,,0.0
823,11.094000000000001,1.3763986015575063,3.19542203797539,0.2331874624171458,0.11025150612681182,0.879794705778883,1.0,1.0,317.00714645064824,271.5989807345103,0.9099531172650404,379.887692728866,184.89099220857835,1.0
625,13.546999999999999,5.631524787867477,3.736796007683562,17.23550314829769,0.0,0.9180531886259482,0.0,1.0,,,0.0,355.40781028969,232.1648071637788,0.2094384340031652
788,10.444,1.4351482266039388,1.9026162842072263,0.26929406963139724,0.08131828603045797,0.8687352792711713,1.0,1.0,331.2331945018452,257.5294545988765,1.0,376.4963283050007,195.80199375877208,0.6845877812819103
887,10.243,1.017767851354401,0.8516831876377319,1.1229714890334517,0.09564153943176572,0.8492775602491108,0.9766009780455024,1.0,324.93718025901103,263.97197285565466,0.9504192678088492,371.8106812744141,207.42854541015623,0.4092506184577941
890,17.2,3.907872062485446,10.97503591948559,2.406275230637686,0.12129445100434705,0.6975037946199371,1.0,1.0,311.5227231858134,274.5564057141757,1.0,364.2957097369053,148.0243471055987,-1.0
1055,15.299,2.9879284479122266,6.506026710171932,8.515036534770292,0.19296941174593624,0.920923794434425,1.0,1.0,342.54952309333373,246.20745282001548,1.0,384.48365429275606,177.99500243982584,0.6405457817469903
534,21.255,2.6426677553065137,7.828431679042235,8.650153864922041,0.09031546221035597,0.7507756151021532,0.6784788621160115,1.0,298.8571243447894,288.8049558916848,0.3316174690172911,376.84743707758366,206.867014796257,0.2992770458440958
537,15.748999999999999,0.9154905325856759,128.88661466097977,66.89359827943223,0.19167018436203495,0.7220613858316483,1.0,1.0,295.44570417724395,292.4737257817848,0.6740209589842137,295.44570417724395,292.4737257817848,0.3022913729309695
860,10.494,0.8772888319984872,0.4658015780021708,1.0474036758695815,,,,,,,0.0,,,0.0
12,10.944,1.626865385231443,1.3902393487209819,11.615853778814593,0.11830199314085106,0.8548192560273695,1.0,1.0,293.13907268308805,294.40391701927905,1.0,351.01097336919577,237.69008516095528,0.2571086703696143
848,11.061,1.6732231771015715,0.9790680810706185,3.897799511530372,0.09782933303221131,0.8176243261895448,0.9007774591445924,1.0,304.6905219103367,283.32735097593707,0.7697680378221964,359.40585474160025,229.09309090649168,0.3615982592897953
873,11.645,1.4562180194290488,0.8671110100840179,1.6107432429976865,0.13422947124933482,0.7454745697950632,1.0,1.0,323.4112810583802,265.27013523114357,0.988927026922388,373.586111759682,200.9275085605484,0.2002458630041777
100,10.7,1.4621236796562032,1.8694138023210163,1.3661950348662442,0.10797319386128176,0.8443679311850878,1.0,1.0,309.05159834272933,279.2015272979973,0.6495987429125682,364.47538252395185,222.820827347374,0.2034768357136891
663,11.344000000000001,1.2567157591983993,4.420905677909661,2.7469039448971255,0.1457720811091061,0.8459643945697506,1.0,1.0,309.5095583272564,279.6778041309001,0.2086631140000656,366.1354960883373,92.46908134006424,-0.2859146334882934
405,10.995,1.1627481972169176,0.9061029389088922,2.714700798273245,0.12509855470331316,0.8595878579192019,1.0,1.0,321.96312568003157,266.6506158281832,0.9419868805095551,370.64179122669054,210.5273599837523,0.5179229800020407
479,13.847000000000001,1.9429385060310493,1.3443386313123609,4.562362972257918,0.05518703858040825,0.5962322247851446,0.357416908050681,1.0,291.0566364304983,296.56513230787345,0.3159393868516066,378.2457814799001,185.64130415600292,1.0
463,10.561,1.0196713633871017,0.7983945319590963,0.37306983183238723,0.07656095004481416,0.8041881333395826,1.0,1.0,317.0359830394432,271.62923158698356,0.801152589859351,368.6865731045684,208.52747964073708,0.2106306275577433
85,10.26,2.4886328963074975,0.7727185720898043,0.11058633534677936,0.08529817698523662,0.8508576291844575,0.9674176971725102,1.0,320.97037942544864,267.06250999484,0.9447182528837278,369.8483825778442,208.28503381214867,0.2309462200233708
907,13.564,1.584826379729395,0.989771474877683,3.296396142743014,0.05357281877067071,0.5666301047874055,0.9985954451585758,0.9957427382469176,344.8978220103973,244.31886901175767,0.7891135898350248,377.35853861241674,185.3236253183944,0.2103272240961147
360,11.311,1.281021048577131,2.6941796740149955,1.109081793186025,0.16146156146208512,0.8264835480168372,1.0,1.0,335.75179691830346,255.00813860068624,1.0,377.9131540062067,194.76407284242796,0.370068761407823
917,10.301,1.119753445706138,3.6421882669949093,0.3058624929173787,0.1025433327489806,0.8459012624390214,0.9099346399307252,1.0,296.8252635536164,291.0216589174983,0.2339469790889396,365.9471066271853,220.02958010324812,0.2424638161471908
418,15.048,1.8382578414319442,19.79524266764066,4.225476351407809,0.024661847454501357,0.43426387476388384,0.2830072169103802,0.6871747970581055,372.3449263688357,212.26911691198652,0.2463074480957174,379.03261347872495,154.13955315226556,-0.2253820602813919
557,10.944,2.0877148580721383,1.051910745902975,0.9067480334503516,0.07958456993106544,0.7905152551943274,0.8600650432494736,1.0,310.74296098618635,278.0737644428205,0.7591409087181091,367.27740975934,122.66275347842748,-0.2395409427768244
10,10.443,1.0129039429081683,1.0574583310393044,1.411568300407166,0.14542002408355148,0.8464620953053164,1.0,1.0,343.2628478443216,245.50574219871376,1.0,377.3973826931832,186.74636890701936,0.4006540377220323
469,10.394,0.9126349655422041,1.692866791427707,1.929107862659072,0.11476137740509133,0.8825307449738219,1.0,1.0,362.8728405682804,224.04551634099823,1.0,362.8728405682804,224.04551634099823,0.2158395894888433
470,10.544,1.0369759151497662,0.6012590634893846,1.5107794366616638,0.11701296997627947,0.8715437342127524,1.0,1.0,352.7145116640822,235.1358593366477,1.0,375.77043177186266,184.39120801842728,0.3191800637678666
986,10.494,1.0879864425297208,1.7231548846536304,1.5743974348187653,0.12742131365046952,0.890236238399013,1.0,1.0,354.15103171716606,233.74325715795953,1.0,354.7817069603349,232.9567297030748,0.2066582262494581
1081,19.252,8.140231252236411,3.9631000225107296,7.991515752454391,0.050219736660914824,0.6121354155140274,0.7116282582,0.9327687621,325.2683122074775,251.35147367560285,0.2243629286299418,377.47274932097065,195.3788327567725,0.2745275757659917
427,10.744,0.8942705137871444,0.8169867969832492,0.10091083371402779,,,,,,,0.0,,,0.0
30,13.646,3.512608650700823,2.2425480601317522,4.4393602431008405,0.029619518770759298,0.4056941629994825,0.369304895401001,0.687129020690918,298.07003664197356,290.8742533462961,0.369304895401001,350.36474828837146,238.4605496928444,0.3018551087039474
919,10.31,1.2994363367953505,1.3856567410701812,0.6596525182872088,0.060074163067544005,0.8260883806190827,0.7858619689941406,1.0,308.4334310449591,278.5590502178792,0.2212545170763555,361.9072776067824,224.48924579476952,0.3654729214807351
695,12.863000000000001,3.4539633499746025,1.73718139644766,10.193128031559311,0.00016991198551162477,0.7420385451487316,0.0027351917233318,1.0,,,0.0,353.80524159085815,230.51160881787084,0.4217777089227233
515,22.601000000000003,2.382367692359632,4.534585073638165,6.494330429537337,0.0806901914183966,0.7119872997436891,0.6369823686934003,1.0,312.5588486020852,275.6327467694784,0.4630816050070828,372.93973546467,69.79561123563604,-0.3564161114982801
743,10.943999999999999,2.1878975309300825,2.537293779062611,4.820169290612944,0.07355229536434434,0.6737085944499444,0.7270302981478681,1.0,355.64975733016803,229.5393114606396,0.4219063152206073,374.5649098530412,184.90007902309296,0.2423212056169295
507,10.844,1.2307842462853888,0.8574435085253683,0.16632565421205397,0.09345566288350186,0.7718906656944253,0.9521640539169312,1.0,297.24297003625696,290.01240653613013,0.732248842716217,376.26336115206453,180.5115463767108,0.3680309129410705
527,12.562999999999999,3.0015456529005613,0.5077588178548731,2.126492402816005,0.08437609545313066,0.547399758395014,0.8954863548278809,0.9752193689346312,364.0449674845245,213.79538653483664,0.3133893609046936,370.9441718603114,149.25118674988516,-0.2008598813058684
729,15.599,4.572004938800301,4.732503936997445,3.1807797429022195,0.1520182484849199,0.7501867681336166,1.0,1.0,281.1653987598827,299.2525659782858,0.9404104154053684,383.04019815555785,183.46797027208635,0.502694237724622
944,10.26,0.7668622642747416,0.254630820685945,1.0770170222766375,0.12071622221553685,0.8612959779610082,1.0,1.0,346.07605338361105,244.09806852748767,1.0,376.50643203361017,181.5531491864964,0.2690911190274388
689,39.106,3.2036777353488985,1.8946482727262832,1.375023540423156,0.17425440698615624,0.6944138822866922,1.0,1.0,230.4062066126604,346.03800268138855,1.0,378.4427170133835,175.8018755119903,0.2634136222466014
941,11.344000000000001,1.3232551831965877,2.729116539901819,2.028953398100642,0.0805010915893503,0.779665018065917,0.7426878628221529,0.9451133012771606,337.7438199031124,251.31090199920556,0.625355828759008,376.1222602131368,194.1916551863927,0.3927716702270526
914,13.297,1.4395388416531474,1.7535462101657557,1.5421553903822809,0.06605124675576163,0.7756741248696598,0.711370793946023,1.0,331.767657272178,258.0829757130661,0.7037611658003396,375.249320771886,199.33547948891527,0.5668119452639807
627,12.700000000000001,1.2861052865228824,0.35179582840476886,1.5151795375424537,0.13277047735005057,0.7095555360882746,1.0,1.0,342.3970133860836,247.4885536029964,1.0,,,0.0
377,13.997,1.049443765009002,0.2765426478293692,1.524860785931879,0.10158853722560797,0.5254180240687002,1.0,1.0,317.79156695018696,270.9718587300112,1.0,360.88193272488934,223.4365197839871,0.232122193437287
608,10.243,0.9805012233802138,0.6784186609471268,0.9768783612203434,0.07648472407859018,0.8537297986186777,1.0,1.0,307.91764271611754,280.90823162576424,0.2220365403025694,366.2193156130579,216.01536147121757,0.3093862499497216
502,11.295,1.089539053165276,3.4017172452865987,0.5158292096576432,,,,,,,0.0,,,0.0
990,12.896,2.882332580717557,0.9897526183426912,1.491538334056407,,,,,,,0.0,,,0.0
610,10.209999999999999,0.9811173374403442,0.43167014133151493,0.12297266375527484,0.08497478806428684,0.8966857861527793,1.0,1.0,313.2587842454264,274.91603835025313,0.990919186654972,366.2050476979785,217.43186461677888,0.300231607757973
1036,11.544,1.3822807428212514,1.1130263233210156,3.220203453277183,0.10729853152213295,0.8000101815739645,1.0,1.0,299.8481048844505,286.94868198994243,1.0,378.94988201718144,173.27134426347163,0.4042062971748213
533,11.261000000000001,1.3739022069471944,0.9207697200770955,0.5437557828778318,0.08765271632122353,0.7626876517836665,1.0,1.0,260.5643640326028,325.3430466020469,0.9576082808561012,373.95941162109375,201.2022427863476,0.2039053376470372
894,10.794,1.1040428198313674,0.37400095020410806,0.19042356239635752,0.12728863989823702,0.8393541700633327,1.0,1.0,328.3258047930205,260.2786868345239,1.0,373.7798008951698,200.04407846095097,0.4400583210580639
59,12.346,1.2487043450620268,1.912531002488965,0.15883500310950485,0.15966817202517455,0.8371863430538024,1.0,1.0,320.9447636296689,268.47701838546067,0.8927800432117787,371.49521817894424,144.1768014241096,-0.427431430603815
196,11.245,0.9332973926354158,0.5954211491129556,0.43591486744062097,0.14263214627856252,0.8135374362168126,1.0,1.0,321.3654537190789,267.47201890757856,0.716631254340853,376.7377566694384,187.6882920589588,0.2034129589467521
858,10.543,0.9312637994273532,0.9001674337841605,0.11086179423620893,,,,,,,0.0,,,0.0
878,11.094,1.529372450261629,1.2189191960355559,1.5107381294617463,0.10556761757669389,0.7402582326814693,0.8319365978240967,1.0,324.766156389634,263.79292504232814,0.6339879959844208,370.58858472275574,206.1766043257769,0.295491122753416
897,15.449000000000002,2.999900449896691,3.8424523548916594,5.6198105447477955,0.05362206598853513,0.9223277216147457,0.8571855874780611,1.0,344.8314425703296,247.1277164173306,0.72450543389339,344.8314425703296,247.1277164173306,0.6019593253161377
343,11.043999999999999,1.4428722030275776,0.8008722076743645,5.463932853157027,,,,,,,0.0,,,0.0
501,10.894,0.9174774433526207,3.167980235948172,0.389359440700644,,,,,,,0.0,,,0.0
985,11.245,1.4530490484853409,2.797807782469119,14.488086777251118,0.10646824902294308,0.8097263845847652,1.0,1.0,325.0688577163592,262.66537836515676,1.0,372.9918308411134,204.3395385497263,0.2039860224112949
960,59.951,2.6959592684187816,1.4563420103360607,6.21546991031613,0.14942529956966863,0.6193695072373627,1.0,1.0,295.99341786559654,291.59975064376215,0.5905240035179694,477.3700298654078,-46.897041266430485,0.2013990093282366
784,10.6,1.1199795586648886,0.36421847399622836,0.20527010007402477,0.10523245347981182,0.8762290279273343,1.0,1.0,341.8926283679938,246.96722703302527,1.0,375.7260355369003,189.10996416442745,0.2947685598359051
65,11.55,1.830606856991197,1.2305998085692895,3.0142567100934636,,,,,,,0.0,,,0.0
888,10.311,0.9598290682994608,0.990086838140818,1.3437331582369176,0.0850479015429477,0.8277251787783606,0.768528842274399,1.0,321.5108301977562,266.18156144190243,0.6594839269609024,369.97085160026137,211.27128301973912,0.3111139216886727
737,10.694,1.417703156652307,1.2091650957537958,0.44820514852791227,0.12287439758338205,0.8717699071856577,1.0,1.0,325.3065729945539,264.35316828072786,1.0,371.9032451254307,204.6568074831388,0.3827265251267714
187,10.444,0.995190450108899,2.11593366439127,1.3750168662207658,,,,,,,0.0,,,0.0
150,10.443,0.8623851501514234,1.1875322827923531,0.3226506576816608,0.1116009483357865,0.8511594502823838,1.0,1.0,351.4252668704001,238.1176395086549,1.0,368.9667503817343,214.53340812565736,0.2915470052470242
520,16.25,4.212469296535604,5.225859353279283,3.04636548707729,0.14974772797254163,0.6306441390147774,1.0,1.0,335.7427319906432,249.24084190827784,0.9905783733813311,380.42746024335673,193.8367683198876,0.2287260585947315
880,11.095,1.6587445656905762,2.0286370756478047,3.2491236176156097,0.1092485813388434,0.7883499093215001,0.8742474317550659,1.0,302.933181815059,284.3844964126241,0.701613110144333,359.6422034488724,227.90305130616747,0.2144558285449644
496,10.894,1.1567189322165656,0.6847233624103913,1.3338403864200201,0.14107898382930398,0.7832459423588338,1.0,1.0,323.83060727124,264.2647248626097,0.2080221665736711,365.7400984914679,215.52641911327393,0.2087952626827067
26,10.995,1.0694384470846372,3.563500384504381,0.4948123338405397,0.14078881391282377,0.8617896846396336,1.0,1.0,339.472563886838,250.2208315359428,1.0,379.3005465028256,190.72730943169807,0.6830681903302808
582,11.495000000000001,1.1850003146749915,3.3698005493395007,2.912595967177915,0.09011484440164297,0.8390966699860527,0.9774744027303754,1.0,316.7068180913664,271.2872561260608,0.7922476892897905,368.12200381397986,217.95940571624593,1.0
446,10.35,1.301444292850143,0.24633240550245344,0.13437397690703945,0.09794736675047365,0.8855804044133367,1.0,1.0,302.5044267853133,285.3818436402796,1.0,361.62278860651105,225.63121645154268,0.2044468325920731
232,27.55,4.626515544597275,4.136619055640454,9.009737951463556,0.01953529086678225,0.14509839867272334,0.7462380867011522,0.4725429584926811,336.8912988445103,243.2345661956992,0.6421649324013882,,,0.0
112,10.895,1.2973240141335625,1.9158160955514405,3.5649155468627076,0.10988275341475748,0.7910541258982563,1.0,1.0,342.08919992482754,247.1705301698017,1.0,350.38385851808266,238.48027578638136,0.2082810252251328
836,12.846,1.5972026795529346,5.1285613221372,3.042434188747126,0.14683136546871306,0.7753894881676379,1.0,1.0,323.8103125649949,264.24283838449315,0.2019562353563383,376.1470319969301,206.14885219640772,0.7085981514284443
466,10.894,1.1293049266230606,1.074173536694974,0.6002184382617144,0.10371185411411765,0.8232534360965402,0.840911865234375,1.0,300.5455086416305,286.2311553955078,0.6460064212753348,356.42270342055895,231.77353144484857,0.2771543278428928
442,10.744,2.2752268121287207,1.8374856595117972,1.691344515827231,0.10010290460994715,0.8230883858940279,0.8585867285728455,1.0,360.34244087653434,222.88338305052056,0.8449864617187963,363.6167778475531,217.64664036104048,0.2039546833598408
153,11.45,1.2870964606257773,2.191358862324273,1.2442458801137066,0.12352624161809157,0.7564696556733731,1.0,1.0,299.1005959171349,289.058403356554,0.2692968739772465,372.8161799766668,208.4596950758536,0.20061976772935
606,10.394,1.1159988230620328,1.1937638888867406,0.09276419773698243,0.09870201826833758,0.8705125005818408,0.9861481785774232,1.0,338.9810938623957,249.7125419225448,0.9861481785774232,374.878581983099,189.0119297633002,0.2225271006486448
506,22.706,1.1396118078479238,0.8244068452777684,3.9031290541181565,0.11146256236533915,0.8571210203136462,1.0,1.0,317.6222317310346,270.795865213244,0.6755989177373001,368.0451690178897,215.0217100306168,0.4931520905503967
349,67.73599999999999,5.256308806235521,3.223459051391644,11.811273958539857,0.22109107453809065,0.7166110011959049,1.0,1.0,319.0492976506551,265.0689589802812,1.0,426.2980987074462,9.783358608502798,0.2480398052096984
266,10.45,1.0030518112229077,2.450742733540236,0.9750528302781907,0.10617374042615735,0.8292031623323546,1.0,1.0,296.61032612784527,290.7974530572989,0.2148019510589769,366.9417033009714,218.18434806922812,0.2022726903593133
918,10.360000000000001,1.508936329176956,0.8807736555678298,1.1612805153672883,0.08472416668358917,0.8334174750470477,0.8521947264671326,1.0,328.05867125533064,260.00208123170313,0.8342111493697568,373.56494506087694,197.28762701516712,0.2903709384356028
500,11.145,0.8224772692060665,0.9907588320204054,0.35713374790807606,0.14147268349342426,0.773863356649266,0.9829133807390844,1.0,344.20565576685016,245.04222278330852,0.9558247924,376.8855377845281,175.51488523882273,0.2041282155189745
726,14.764,3.000455797459308,2.2166803963984067,1.0326617768424038,0.13291566329107976,0.6721609190800358,1.0,1.0,309.2713157394044,270.77530900106154,1.0,365.4070139638008,216.6163286576608,0.2277964929601059
406,11.011,2.5366883197613452,1.772680646754308,6.31179205684485,0.08395799172992653,0.8955543960668558,1.0,1.0,323.1298938277205,263.5369275335729,1.0,371.6859009869746,207.30117838964543,0.4217742592715776
1075,10.75,1.281873222967172,0.8012270062063246,0.5272526698060115,,,,,,,0.0,,,0.0
308,11.845,0.7434077362289598,1.430974538643269,0.09757547286330262,,,,,,,0.0,,,0.0
930,12.05,1.2913887314847512,2.295823682633061,1.3389624923560963,0.12784025289556472,0.7477955758124041,1.0,1.0,310.84230800091996,276.734574524622,1.0,378.56287468881214,187.8568963021838,0.2457103686364087
157,11.6,3.4946081696509292,9.269134369777477,11.158977235835886,0.05978992726726511,0.6065340425590657,0.6682435687950213,1.0,374.57348501479777,200.7344115398748,0.3186936799955851,383.22487694876537,54.15244896967608,-0.2048333228138604
52,12.145,5.968607074038015,7.051256680215798,0.09610721031704224,,,,,,,0.0,,,0.0
575,10.494,1.7253535845603796,1.2913574405462733,0.5734482018534626,,,,,,,0.0,,,0.0
1024,11.562,0.8886055475529917,0.20253199234139332,1.1405377791081317,0.13999207249628606,0.8392607735814512,1.0,1.0,328.633836366134,260.59804928500455,1.0,376.95789249733866,177.7776614135288,0.2007047422610526
581,12.846,1.4534859764585706,5.8025785505818375,2.4230785723178667,0.10703518469301881,0.7660350145533575,0.9357492327690125,1.0,316.3947185006456,270.96343107039564,0.3696019253955811,368.7541081321455,217.17459652551128,0.6764878257031632
922,11.545,2.7922536754074705,0.9923445668894336,8.796518112595702,0.1454164550860844,0.8509634502173502,1.0,1.0,306.77795904366667,281.16709516439835,0.8057343868119088,362.44533620951455,225.04095567104892,0.2216054460235861
321,12.563,0.8482642199634576,3.392502163976369,0.4940118034053822,0.09756940951934535,0.6426191527823567,0.9812465502529112,1.0,366.92487253869126,219.59843656558488,0.8631305715606838,366.92487253869126,219.59843656558488,0.2552058621535601
833,10.361,1.30120181831325,1.0829156607147008,0.25391447936637723,0.10964533482331647,0.8942564372853641,1.0,1.0,306.8823614505272,281.27576716777224,0.3851005981511691,359.602756577787,227.86217193411372,0.2529790943787024
896,11.812,0.9379760013559874,1.0014585079084293,0.09387341277864972,0.14230545204531472,0.8450188360896289,1.0,1.0,299.44981254866434,287.9772272187668,1.0,363.95116097279913,220.85194785417215,0.2297138462338266
109,10.79,2.275018940566576,2.742083337141089,1.194222224083407,0.09791229217819904,0.8195983336094291,0.9323136806,1.0,303.9004992893665,283.9473140898186,0.2138668769049333,357.4117750188213,231.3545798275757,0.2025003933924173
126,14.200000000000001,1.7478422328701029,3.187062843864146,0.677371605733562,,,,,,,0.0,,,0.0
319,10.4,1.0482229957674842,0.23042145848179105,1.5017011772484563,0.08768135285873149,0.8699859910318286,1.0,1.0,301.89173203946655,286.18809659431645,0.5184337647022064,351.061774057373,237.74256698432276,0.2054613280667421
667,11.360999999999999,1.225167948949993,1.4221434388709333,1.653578119214092,0.13798346637728237,0.8597599500673913,1.0,1.0,313.89314869684006,275.5771567496808,1.0,366.3561880788617,221.88522433442552,0.2145105474010281
320,19.9,2.3391393768452375,4.205137539800528,0.8472304839273578,0.1016745970840018,0.7532122070397677,1.0,1.0,318.5182547782129,270.2840768714901,1.0,372.00855509440095,211.92464484543095,0.2524759975857421
554,13.847000000000001,3.6383170955756987,9.652882225158805,9.435233877979996,0.07441883104590304,0.6204779784555787,0.6547419082383996,1.0,324.19245313788605,266.08020221277815,0.2797056436538696,375.0274615054363,212.1563228546808,0.477723309368773
612,10.861,1.107347183753322,1.8335931804641024,2.16778696754192,0.0934342464732674,0.8962258817869341,1.0,1.0,343.41984614746644,245.6691029809323,1.0,378.9801553622159,182.4521784556996,0.6223408974300731
414,10.450999999999999,1.3079756706375663,1.0240094545579563,0.31542160926969903,0.10866872436734264,0.852597175339239,1.0,1.0,320.4553248333736,267.9687437283309,0.9111615419387816,372.94843131406105,205.7292544346812,0.2423785910703415
58,18.502,1.9664828575900413,3.5508006844698063,0.8613834939804554,0.13350777158227678,0.8722348465031609,1.0,1.0,330.24275901883306,259.38409565407727,1.0,371.4363377618977,196.31579601404076,0.3601658426931883
590,10.399999999999999,1.5790314090280109,1.7165400166228193,7.731091065291516,0.10196931372339371,0.8637698274504635,1.0,1.0,337.1126251796828,252.09727090316255,0.9743882950294802,377.35488930458416,191.30811262737876,0.2521835848156373
361,12.245000000000001,1.6200111382343416,1.8522464300988954,2.0361038075915205,0.11717757328263605,0.7362089208081717,1.0,1.0,279.67851128438974,304.9028600255338,0.2110389990984051,375.65166222144813,198.6861319443275,0.3178085896218645
1069,10.45,0.9033220261573043,1.8070552499050272,1.2728775400732908,0.0945595329409064,0.8178113859704794,1.0,1.0,319.73003707112156,268.65805035145735,0.9238989107442108,375.2432833003669,200.30401701157115,0.2938515370466196
683,11.312,0.9688663520395362,1.1495566721526893,2.3545324574544932,,,,,,,0.0,,,0.0
514,11.695,1.0024133859455548,3.5606409935525862,0.3057083116650905,0.119586773865233,0.7507992649965918,1.0,1.0,307.7230379738597,280.70651137808875,0.8947184516149316,,,0.0
593,10.401,1.0308568856433993,2.0323129515918343,0.2087824082726684,0.09120076953339104,0.8354350724295473,1.0,1.0,324.358545198308,264.81164279060147,0.483304335969168,370.54615552948735,211.8589706793064,0.2861856845222649
241,11.211,0.9655245632738081,0.23847099851675838,2.451021443741917,,,,,,,0.0,,,0.0
264,11.6,1.9256197556087746,2.02119028554132,7.729096417644913,0.08621839891893174,0.7393427434957075,1.0,1.0,309.0095150731005,279.1577748232577,0.9390205601503984,365.3950782166525,71.0794968222825,-0.2804510412696994
551,10.544,0.9344774729304615,0.3211224519068298,1.6525002360494654,0.10618775750474613,0.8330191207619003,0.967269347649512,1.0,347.3550326706022,241.10426784166975,0.9223655180850177,389.6603038207135,37.9223740076616,-0.2059602151063307
44,10.31,1.0054908442329278,1.9063473289636892,0.3024666672233107,0.10434879011287343,0.8905297818280167,1.0,1.0,330.48131417665,259.63143580710926,1.0,375.5819884299756,199.57148289962,0.3745211775402409
465,10.494,1.331739201136898,0.9978988752138936,1.9322825402487367,0.07802755069794766,0.8208816843070702,0.9921470284461976,1.0,303.2687942990144,284.7334207595448,0.9827957153320312,358.39986096285,229.49770819561985,0.2986488869347768
603,10.944,0.7993026359313872,2.1788135622900464,1.5350348078336646,0.1030877899047832,0.8457570300804664,1.0,1.0,350.15797029508576,239.68522515997185,1.0,378.5905667763507,174.5859521796129,0.9040138739341872
212,12.062000000000001,2.1402681221992013,3.683907344254966,2.8603272511896387,,,,,,,0.0,,,0.0
421,12.444999999999999,3.516041455820626,2.9830629595204776,1.0917424835933298,,,,,,,0.0,,,0.0
498,12.9,0.8520170792352072,0.6750049300207932,0.4490048629421109,,,,,,,0.0,,,0.0
588,13.051,1.7398873453153259,1.8513252164577847,0.09654936418236236,,,,,,,0.0,,,0.0
16,10.75,1.6620242868032158,2.1592413676509237,3.168194473009031,0.09482202811672,0.8312129993189269,1.0,1.0,328.9636424158698,259.4992940048749,0.915171199957056,374.0257330947161,194.74942798319836,0.217533588726004
311,11.695,1.4983865461819215,1.958070415859731,0.12774605572440076,,,,,,,0.0,,,0.0
556,11.362,1.50752823251782,1.0394698194333483,0.3612432818261263,0.10192183757312488,0.7847957249920936,0.8765743800258167,1.0,303.1529259069748,284.61337188911926,0.6458120474574128,376.8699944096226,167.71026885124945,0.2876643988063498
188,10.444,0.7099483707406143,1.6294213024744049,0.9694478057006141,,,,,,,0.0,,,0.0
530,11.545,0.974602958843714,0.93476897567539,0.20141710255477488,0.1157664304525238,0.8078701151642121,1.0,1.0,333.240096688889,256.7275580863148,1.0,374.2083009128606,194.82633744595373,0.3815188786494133
892,10.861,1.2275427324024277,0.8718581674724992,0.16511998870453537,0.12388833539578563,0.8367725890040589,1.0,1.0,306.1184344224527,281.92434778347814,0.2448827263335107,362.08449976564486,224.67079184874245,0.211707231463512
920,10.194,1.476502429548641,0.7728999835727394,0.8137078316556228,0.07225586578179753,0.8569193477920772,0.9205381870269777,1.0,352.67125943340835,235.0912491037876,0.3249313870940027,377.0250123609014,170.93600669027376,0.231211718891849
287,12.551,1.183054024767691,2.9580632170080605,0.1352254478023312,0.05545230896424947,0.643262930185055,0.2624290648488109,1.0,342.978586313401,246.65104181290647,0.2547678383967642,379.413508018082,185.97947267749896,0.259071208037026
388,12.146,1.2577488581621887,2.371710820055737,2.493388355793355,,,,,,,0.0,,,0.0
545,10.451,1.8591391393341814,0.9542270360233964,3.0576902607369236,,,,,,,0.0,,,0.0
628,11.799999999999999,0.9614325670512444,0.582226434310792,1.85644983647897,0.13695725021207633,0.7826623363786422,1.0,1.0,294.6229408983039,293.06062131377337,1.0,,,0.0
718,19.7,2.4501205637673125,0.7737302053537982,9.617758815835497,,,,,,,0.0,,,0.0
268,12.201,1.7557201437398442,4.669640945818998,1.9123796640532238,0.11282687791539146,0.6816770666386457,1.0,1.0,335.1139609404239,254.34767998304673,1.0,380.38345774059695,187.3936256576932,0.2236492521067056
288,20.7,1.8054362509825155,1.421769026023968,1.3728972911322603,0.113575810962913,0.7946645714574756,0.8606169829388536,1.0,279.15113933231083,307.22792278682334,0.7632527406565109,363.14810688364577,112.97569112149333,-0.2393996005292704
478,12.35,2.4262907824960918,0.24956108809574287,2.559301453342412,0.11776469183626796,0.5672701267763793,1.0,1.0,349.25274021905443,238.75025170824304,1.0,,,0.0
211,10.911000000000001,1.0926283337009528,0.28976627864100146,1.1340643750743198,,,,,,,0.0,,,0.0
725,14.296999999999999,2.902569188607848,1.6549953656778624,4.045161591066273,0.0743329762230253,0.5547942083557476,1.0,1.0,304.0823276460188,279.8065187704951,1.0,357.35711272698205,226.98832680672967,0.2233654850249123
786,10.950000000000001,1.6526497162855875,2.9812206278219118,3.351429120637889,0.10262237870230835,0.9001451295823568,1.0,1.0,318.6501405229735,268.9795318403666,0.747056872666448,368.97695198382394,214.5431579992135,1.0
799,30.163,8.587388327111523,10.21676193207613,14.799213073007433,0.020157835538846484,0.8530941264486119,1.0,1.0,222.88314935708092,348.403391427934,0.6441867582386099,371.35090630433376,53.23501889922279,-0.2358758196688931
127,11.85,1.9878635456552243,1.4360652841955555,1.169887738090789,,,,,,,0.0,,,0.0
903,22.506,1.5321492760203153,3.344703212361418,2.1812047916804667,0.13982428552015302,0.7398241107336013,0.9439443349838256,1.0,344.23062595658496,245.06790302327616,0.7266574129919153,380.2218086124135,186.53669284079797,0.928972670651231
47,12.546,3.4915567048019134,3.057925476536941,1.8516359193381537,,,,,,,0.0,,,0.0
413,10.401,1.1774768077135764,1.8457800448153243,0.14417271192943348,0.10288209637368591,0.8493916823436122,0.9660180157998915,1.0,335.8803911376218,253.7012343489747,0.9505473375320436,376.5985716559192,195.84821838227484,0.2957668854082278
928,14.551,1.5790078988134424,2.993148486271601,2.6244876073307104,0.13575030214856545,0.690471969051041,1.0,1.0,296.11734894496226,291.7288655898551,0.3251703991216041,,,0.0
604,11.511999999999999,1.5156331342431564,3.4342666759764815,2.4456122232239936,0.09699215987799742,0.8222440462955249,1.0,1.0,356.81021531931106,230.73473621501665,1.0,381.0129590379527,158.01211833840728,1.0
154,11.549999999999999,0.9817817110402138,0.682282323983126,0.7483236593300688,0.1600801328669287,0.7894374672019037,1.0,1.0,328.6511987194217,260.6154623592601,1.0,,,0.0
905,10.893,1.9806553648193965,0.3461578144306697,0.43546330095592917,0.1265565259755034,0.8095520620605898,1.0,1.0,355.07748019914686,231.82400724882967,1.0,355.07748019914686,231.82400724882967,0.2611998994291925
696,10.76,1.5575520741788034,3.6061010913356912,2.36204942770294,0.1101896086270075,0.8330930311976532,1.0,1.0,365.3563130226456,209.4199499627121,0.7840992238341259,365.3563130226456,209.4199499627121,0.2038165698907956
269,10.649999999999999,1.1139011610090184,0.6613686391719776,0.6715613048947341,0.11556195857171668,0.8308301049070181,1.0,1.0,320.7903372112784,268.3164820775194,1.0,371.907089177093,206.0947763928628,0.2204091465891067
155,12.451,2.0458701895985807,2.9396395337147236,2.5985906123860563,0.12966227991045773,0.6365810693353485,0.9997369555189296,1.0,341.2115973512692,244.82428291013113,0.9145818723444976,,,0.0
586,10.911000000000001,2.2581599549780504,2.047985074460131,1.1736006104045165,0.1461089239137084,0.8657932531719847,1.0,1.0,328.65441377918665,259.17873852760687,1.0,372.35501534736653,197.9108674336176,0.3422168675264732
1052,11.7,1.1564458005786997,1.2077340360675612,1.342932820872432,0.12016201526272431,0.7593520385680144,1.0,1.0,353.33503708712794,234.33868825335895,1.0,378.3082138722701,167.0095686532775,0.2216588500980132
454,11.962,3.07025237683235,3.7755273438346157,1.8315327712878533,,,,,,,0.0,,,0.0
13,10.943999999999999,0.9880807631368899,1.5004528011583902,0.10020882922123074,0.10095195327642129,0.7916043453316154,0.7433326840400696,1.0,309.05785131239134,279.2082380865573,0.206877666259714,359.22072000417205,227.46932834077623,0.2041998286111239
105,10.901000000000002,1.093087080335445,1.3625415332210915,4.9617295698527775,,,,,,,0.0,,,0.0
231,157.94299999999998,4.71613327052234,8.774700862599248,10.421108330880452,0.11481689643464213,0.47153315828090525,1.0,1.0,329.1388044355559,258.2402543537487,0.6974355134733191,361.7138643393701,127.9816821471079,-0.300881808984689
393,11.261000000000001,2.322756635654806,0.24832725027796732,1.7392166066799548,0.12659477620732312,0.8450958448448533,1.0,1.0,361.3381254315671,219.60686600612055,1.0,363.0187508876342,217.03495260940272,0.2065248145152548
982,11.05,1.328858450124168,3.827115673380766,0.5676819625563994,,,,,,,0.0,,,0.0
60,23.056,3.012759329959921,1.9451565614794575,7.651936148965695,0.11507314524888543,0.8957112368415653,1.0,1.0,355.9458182358296,232.71948523785073,1.0,381.74416945983313,165.202318494565,1.0
206,11.543999999999999,1.7092780380759043,0.19161791071327436,2.6290288984302164,0.05849218973789425,0.6779644529391357,0.5547902595852723,1.0,261.86593775412405,323.81974690377046,0.3713409997744409,371.95906802598455,148.95504024348753,-0.2130731560636633
893,10.544,1.2255376910483753,0.212000633141233,0.6084606574747539,0.11563490367584923,0.8774106273843676,1.0,1.0,337.7320148475745,251.29897171628383,1.0,375.65851044003455,191.7116400022248,0.2270535354280388
404,12.1,2.0646819191891135,1.0268503189595648,3.095891762099098,0.12282909414563133,0.6073415896402251,1.0,1.0,339.6461166589705,250.40020438441024,1.0,377.578749130335,184.39170502939928,0.2017218651904277
368,10.46,1.2120287703055803,1.8928899957963103,0.5574914997344392,,,,,,,0.0,,,0.0
631,10.261000000000001,0.8409693169087554,0.25240949293765935,1.3652052710108957,,,,,,,0.0,,,0.0
141,10.911000000000001,1.3973365821198056,1.8197175031934054,0.5663176844207883,0.10022418053938721,0.7962381850188853,0.97123384475708,1.0,325.25460340161726,264.29945719023846,0.4920774485531715,373.23836484921526,204.59291185117235,0.6542665624954537
643,10.644,1.0533587340995214,2.0368597500599184,0.13379584860812554,,,,,,,0.0,,,0.0
600,13.296,1.850186664947796,0.21186305468451594,1.4684226481825118,0.1327011070963523,0.74250726135874,1.0,1.0,282.6999882384759,305.15440606253304,0.372858926719504,376.5656065943388,189.55756959794388,0.6087481406922498
468,11.161000000000001,2.232223510129465,4.009936496225591,1.402035125588145,0.13576553064392569,0.8657847051359493,1.0,1.0,367.30652857848594,219.98869227002007,1.0,367.30652857848594,219.98869227002007,0.2448215741219178
225,11.8,1.0795327582897722,0.6222460668274289,1.8025648815677187,0.07984174609854405,0.7413522988918971,1.0,1.0,312.76944023312075,274.40906895914213,1.0,368.6037452314222,217.02116582827492,0.3473687449552829
240,13.013,1.2894860051036057,5.830795887173188,0.7254313930225533,,,,,,,0.0,,,0.0
859,10.594,1.1188925549679936,0.6170246684742002,0.3084552540881847,,,,,,,0.0,,,0.0
447,10.5,0.9693399510717708,0.3810237987238332,1.8754256433689902,0.08596728444999181,0.8608321256363946,1.0,1.0,333.718036752494,255.78252105136417,1.0,375.54241636889606,193.40099806169448,0.3255364630962423
835,10.293,1.0160328962272827,0.3879705611785272,0.35648756613224447,0.10404890313164786,0.8554432180780095,1.0,1.0,340.04710049099396,249.37608693939407,1.0,375.3738722001591,190.6744161531267,0.3334456967985755
116,11.149999999999999,1.2422666794781836,1.9387417897440222,0.09550950797170966,,,,,,,0.0,,,0.0
734,11.144,1.0441021521748974,1.0072512186946945,0.7210932749255264,0.13830510116958522,0.8622761197543107,1.0,1.0,355.8758662307912,228.3355604477176,1.0,375.59504907706093,195.4121656225537,0.4803748240224812
415,10.55,1.025549346370474,1.770411791556174,0.9496509974925033,0.09780635149442352,0.8270050244388202,1.0,1.0,309.8928606471041,278.6327763754252,0.637343746574336,366.96113957519526,218.20427169799805,0.2056756843019414
103,11.445,1.5771844936405695,3.4762147696333923,0.25707097774236537,,,,,,,0.0,,,0.0
110,10.200999999999999,1.1198936418139696,0.8421042560822076,0.4872898108569535,0.0901547777780523,0.888818633209776,0.9047568527113082,1.0,315.99172672966944,271.98681031772605,0.8679073453,374.48635876903734,199.66823167161925,0.2986643951457529
909,10.794,1.7291700293141545,0.36973422469652334,0.9676371621889135,0.09543913360146014,0.8365528386481793,0.8275781612155689,1.0,355.76278995465566,231.09255062253416,0.7398138814584025,360.17585114740376,225.5803918771498,0.2032153376790343
364,12.363,2.2783123014858613,6.626623163143577,0.4301433119901477,0.14247980151810147,0.8075484996619294,1.0,1.0,300.90125567870194,288.04533035058296,0.2647125378975663,382.3017948629965,189.81104648403104,0.4964916521762562
574,10.694,1.4393315635487174,1.445344379690795,0.09410781385300322,,,,,,,0.0,,,0.0
798,11.0,1.1480514591140953,0.303415449035094,0.743303681948965,0.10637255451736016,0.7734246052321254,1.0,1.0,347.45186714648685,241.20401285341663,1.0,376.38033151084056,187.17166263195975,0.2429910147900937
951,10.411,1.3106399530415667,0.5090610529103704,1.0869729135717772,0.10017744573180333,0.8738539498820412,1.0,1.0,310.26005739633376,277.572118915939,0.733019289862386,361.2030917195749,225.2006306077353,0.2599039300817288
146,10.551,1.2061260631714672,1.7810901817906075,0.3745398012631934,,,,,,,0.0,,,0.0
1044,10.46,2.420560936886997,7.3248259491876295,3.5467420353666204,,,,,,,0.0,,,0.0
135,11.443999999999999,4.0394904451320635,6.099472346133496,1.5000606553890747,0.13403566538090841,0.8269144021370631,1.0,1.0,349.11987909162224,235.73841370972184,1.0,349.11987909162224,235.73841370972184,0.3137139431220137
458,40.7,7.05086314405599,1.4557148277850451,11.75379710265071,0.22182493686445298,0.569082622907077,1.0,1.0,353.2936039072795,224.24171922460127,1.0,353.2936039072795,224.24171922460127,0.2422102930486081
371,11.495000000000001,1.102195533525718,3.330080534086334,0.2884304965063809,0.11764782188631015,0.8707954245410903,1.0,1.0,336.950889106642,251.93004772816928,1.0,378.6929293162236,192.77559041527024,0.7272062892982685
924,10.41,1.0429225436392682,1.6499504840631438,0.498179590460315,0.1054156471680095,0.8425839534554517,0.8815439343,1.0,353.9890860322961,235.01347717280424,0.8815439343,375.2149954618987,200.276589101277,0.3431683991454392
511,11.912,2.5027448311634317,4.443882631984291,2.015287036669972,,,,,,,0.0,,,0.0
617,12.201,1.3459558785095604,1.3569517590114173,1.811004255813727,0.10701660775238886,0.6428014027279879,0.8410421643561754,1.0,348.9806696872346,239.9073479353756,0.8071812391281128,,,0.0
584,10.611,1.3637236609924535,0.37453561748436565,1.4201584887202834,0.1163459092864096,0.8798291853293247,1.0,1.0,354.07289611857357,232.22497046981553,1.0,358.7003407416721,226.93402875461177,0.2087027384271613
966,10.644,0.9876725760992456,1.5369427426115514,0.5251695126756979,0.09131711813376023,0.7923748245964889,0.9854299514056012,1.0,359.147047586539,228.82948747245277,0.5599773283628299,368.326933334356,212.4512525034627,0.2032094198596666
571,10.761000000000001,1.3653820518369217,1.6957701169363706,2.643143495600245,,,,,,,0.0,,,0.0
493,10.995,1.2909803102838628,0.9321224265333619,0.39871151822538825,0.13048254886068,0.8428319301517585,0.9781871438026428,1.0,356.57699430305877,226.18574409082916,0.9781871438026428,376.06029866934995,183.0122508946642,0.7237098507152598
259,10.95,1.7863209467728507,0.6075711254587477,1.0658447159861468,,,,,,,0.0,,,0.0
242,14.197999999999999,5.7411128839040995,5.6477957003740435,11.3685596929318,0.1929726805568998,0.7656535982579032,1.0,1.0,358.7679542270648,212.68678332399455,1.0,360.3297353310613,210.0014646078023,0.2048379609748679
619,11.451,1.2327912866365125,4.085013473192386,4.785864668719922,0.09326305288359325,0.7403064822212577,0.9960263315853128,1.0,300.28924349959794,287.40764402331394,0.2027119876268015,380.1594856186669,184.76863879968624,0.2195241369011968
156,11.65,1.6145288085089595,0.4038981620472039,1.87550212903936,0.049026634927618176,0.5608605036223064,0.6313810025685057,1.0,221.1906761958681,360.87282664565754,0.24468727656765,,,0.0
166,35.636,4.515288823267155,0.3552422155309231,14.144378899574722,0.14651525964359213,0.8817601125261116,1.0,1.0,374.8094343268455,194.4369634332762,0.2094791802303439,374.8094343268455,194.4369634332762,0.6192269274262012
1063,11.65,1.0590583288129745,1.85080211344326,0.3598416374966679,,,,,,,0.0,,,0.0
709,12.245,1.768197917133735,0.5802250999763949,1.8843814796899119,0.12657355614000465,0.7174709720108522,0.923815131187439,1.0,327.6813889769805,261.05172225095214,0.8222768630947285,376.19924445542506,69.09731131304285,-0.2081360913917214
310,10.461,0.9424907875773644,0.8078191041351203,1.5392985458130806,,,,,,,0.0,,,0.0
1078,10.401,0.8793324136667652,5.256422073888928,0.3355516383071973,0.09850807545571062,0.8433102731745193,1.0,1.0,331.2593706688842,257.5564021549045,1.0,375.2744699674864,196.76710775601543,0.2025613378042731
277,10.600999999999999,0.8832108937521329,3.3672955744271116,0.368445228546241,,,,,,,0.0,,,0.0
246,10.9,1.2065101169063739,3.1164257287828048,3.5315474849645057,0.13720263512967162,0.8406676764938646,1.0,1.0,346.90156926885055,243.51238822579396,1.0,378.9600014608871,174.38522433826745,0.5931069162702584
1010,12.496,2.886319411220026,3.4118934803093475,1.0389610158625384,0.06997593111935226,0.6107607962634977,1.0,1.0,366.2254304067712,218.88327687572976,1.0,368.0087166011013,216.41371469109856,0.2233254704625304
746,26.159,2.845969626349248,2.414341976905628,4.127374970224942,,,,,,,0.0,,,0.0
282,12.1,1.7530249758713452,1.961898945067932,0.9095109442275103,,,,,,,0.0,,,0.0
409,11.8,2.306457900923199,2.3611304325688023,0.9120315209674856,,,,,,,0.0,,,0.0
7,11.595,1.1495863206787615,4.433457623084211,1.366653305514871,0.13025891642725654,0.7697018061574998,1.0,1.0,351.564602523698,238.2614928984892,1.0,379.8614318929652,175.0158640061714,0.3328020649438682
579,22.2,0.984388002574907,0.768291072876576,0.11354489505207022,0.0006735132435184918,0.1329814029431232,0.0637010632732837,0.1585412323474884,,,0.0,377.23431519846633,173.05993575859154,0.2005627903866623
490,10.693999999999999,1.3591056556401264,2.437508906937136,1.0700278414125106,0.16526436823672658,0.8241651649819565,1.0,1.0,320.773948508698,268.2998491354804,0.7810673101945821,369.6129870064789,203.74186055368227,0.3738239932758309
1080,10.5,1.2860843932822283,0.9287228454665565,1.3894837315253188,0.11807045465984037,0.8453053158411344,1.0,1.0,295.71629228263066,291.3109712971188,0.2173139077245573,360.40382644920066,227.24920746295996,0.2043771096446192
87,10.799999999999999,1.2094923603325651,1.2447198699011939,0.25735872622292383,,,,,,,0.0,,,0.0
1022,10.36,0.6927312408669344,0.9395476892121826,0.7694681307291504,0.11006594178322995,0.8603116508964168,1.0,1.0,333.68986175585303,255.75305799460415,0.998970483499636,376.3786158880762,192.35612476950288,0.2207878124785346
967,10.594,1.2860740995917634,2.9886860374096225,1.1900495716635255,0.1097579244637728,0.8368127371710427,0.9197019262624344,1.0,319.4234678389779,269.7816461766686,0.8903795898749702,371.51553969994194,197.40040918892055,0.2132622251644459
972,11.111,0.6419894853016642,1.6288685612935985,0.8640130922242046,0.09532114851356781,0.7871399046571635,0.9763979893074594,1.0,302.0054308355841,286.3080545625544,0.9283783119626666,377.28049966625775,191.2939301800629,0.3375542187172493
539,11.149999999999999,0.9453832677188281,2.9877039353989274,1.4760987340774263,0.10273578916752718,0.8056754775151241,1.0,1.0,340.1642604809992,250.93624668810804,1.0,379.1926309311384,185.23363583551273,0.4289142485018334
260,11.299999999999999,1.9140952522836532,0.9939829718312928,0.19461618651310336,,,,,,,0.0,,,0.0
934,10.700999999999999,1.1442669388222528,1.2239025867182836,1.1349950263048807,,,,,,,0.0,,,0.0
453,11.745,3.569458206465818,10.613457251588237,1.9260082226032977,,,,,,,0.0,,,0.0
227,10.709999999999999,1.346966142085085,0.24012276665196808,0.8484049529562318,0.13825634109169938,0.8303477988855343,0.8901975091708135,1.0,334.4055356406012,255.05459445439425,0.8750061415009734,374.87294345996605,194.4536867067584,0.2783806869740649
778,10.899999999999999,1.1543747501386212,2.000178565788645,1.4086698357759144,,,,,,,0.0,,,0.0
171,10.960999999999999,1.4455193978052305,1.1315088805843394,3.1974439775483123,0.122092351015189,0.7801353524857619,1.0,1.0,317.3532763425453,271.95881703035786,0.8544245683440739,372.3300039359041,205.0950879322243,0.2057091982741709
1064,12.0,0.8123305980453334,1.5815135022492581,0.2814635040511242,,,,,,,0.0,,,0.0
904,11.244,1.2443372945058153,0.22637823272855823,0.09484791795390139,0.1245551454627095,0.8517960528024309,1.0,1.0,317.06728636066083,270.2197236390249,1.0,370.9363972144385,148.25447023560747,-0.2241359626305598
167,12.395,4.882483264896948,14.054953882348071,5.287054274610718,0.18009919721132892,0.8746681434333067,0.5248312740902042,1.0,353.365113726986,209.2148332064396,0.3761178447724354,370.4698109563111,151.420944630986,0.2086867184981523
785,10.434,1.0609429736226201,2.38131865574752,0.114004817331514,0.08138406573320543,0.8722133848310354,0.9428513051557612,1.0,323.76619751497606,264.1969402366944,0.4026444348696357,372.7931469638897,202.69944774144307,0.5292297511799648
102,10.844,1.3648533305959283,0.49046535415970866,0.7731685110652247,,,,,,,0.0,,,0.0
776,18.401999999999997,2.7264902935032858,9.606368291926534,0.8023665936962754,0.10379013543147603,0.8790703782821858,1.0,1.0,356.6676770738373,236.34693590997537,1.0,356.6676770738373,236.34693590997537,0.7148421101406393
777,12.799999999999999,1.6430941455654007,0.4435396207901552,3.8793761503921953,,,,,,,0.0,,,0.0
795,10.693999999999999,1.293549740654807,0.2293327977566543,1.542324717885469,,,,,,,0.0,,,0.0
397,11.045,1.398439409784923,5.576330029852617,2.9949566770236573,0.09535596488006881,0.8064358799996344,0.8463337206694641,1.0,352.9004502679516,235.32735136950916,0.6549232418708144,377.5427621949919,168.470382290383,0.2106668144749074
15,11.001,1.4817006633013707,1.4671661460083822,1.440719717302946,0.10703653703262539,0.8464509301707569,1.0,1.0,307.8190592756516,277.9201470811509,0.3283969759974455,372.7460728189325,147.74196779995705,-0.2026304319851188
973,10.511,0.7983322122626557,0.31489804029644347,1.19094081064328,0.09309126830962597,0.8469921714216926,1.0,1.0,341.086498270543,249.01124640836767,1.0,376.4897009652757,185.79841340020712,0.2073814318276008
987,10.494,2.5929714718165497,5.138388088901999,2.0386903489306607,0.10359272705010747,0.8894617836303507,1.0,1.0,337.46569642581835,249.58375827354,1.0,383.4184255571356,51.95671200346811,-0.2517548746448948
1000,10.394,0.7806025040392308,0.932047535949685,0.7090793618659252,,,,,,,0.0,,,0.0
476,12.145,3.186078020097018,3.738237744219294,0.4148632603334556,0.1035959835938064,0.7496196633010319,1.0,1.0,345.9259277113744,238.1903421023644,0.9623266232671212,373.86501674975807,184.1368145302631,0.3812575264139429
348,30.601,3.4167615727164824,3.057591085869001,8.505922824263637,0.14812560059986557,0.5896149598212107,1.0,1.0,229.356585853322,350.6491682420954,0.5872121163440847,362.5094628498996,99.8781971999784,-0.2068898825217853
626,11.8,1.352627678336024,3.7041526531691864,1.5405192574975355,0.14454998957221166,0.7583211866696703,1.0,1.0,362.8240606586485,223.9953247076677,1.0,379.55957247400136,190.71681733702223,0.2329403182740554
88,10.701,0.9899124420309663,0.9702116498144165,3.0379514424882084,,,,,,,0.0,,,0.0
208,12.195,2.0519847756944647,0.36916040733157135,1.7650358072515293,0.0886946062191468,0.6932739119882435,0.933100700378418,1.0,261.28660664234013,326.075106731464,0.2132573207188521,362.4200495808752,220.71457716775944,0.2024555371280357
143,14.15,2.007635970060623,2.3960120106798297,2.097944659608179,0.08457264479251378,0.4771175730162614,0.9737411379067534,1.0,273.93257939687953,311.8853098237663,0.8539280501358097,376.3168079250306,198.1990665504024,0.2204323564765742
497,12.049999999999999,0.7652161210506118,0.3520112138935255,1.8571537901834252,,,,,,,0.0,,,0.0
775,31.849999999999998,2.86653152588489,5.76930676530378,7.830248050434118,0.08084737955871234,0.9097014804459195,1.0,1.0,337.8369178745049,249.9680597130011,1.0,230.57969595909995,353.29258492186614,-0.2782955241439548
375,13.297,2.2026377865120237,2.2489385896072203,7.522583179458664,0.13596667927599046,0.712304075698453,1.0,1.0,380.5746461723129,153.24069711204453,1.0,380.5746461723129,153.24069711204453,0.2099509450073046
680,12.145999999999999,2.7785280914283716,1.9890078416781882,3.7815141639086995,0.10573003621623482,0.7611146394247975,0.8131119508537854,1.0,327.6294154991556,259.55719928792325,0.6928318094815172,368.1126961407332,213.6617010524307,0.2070659715848142
235,12.296,1.845232000512825,1.2497264934670098,4.996474312443541,,,,,,,0.0,,,0.0
307,11.194,1.1131259342795414,0.20767877087015688,1.555568905115966,,,,,,,0.0,,,0.0
739,10.693999999999999,0.8730943565682661,0.22304641307636563,0.17959544703801933,0.08498616501735674,0.8514499617727916,0.8941366465499381,1.0,344.08638904095795,244.9191071758009,0.8356214165687561,376.0483106567844,187.2937147313524,0.8026448042970753
1061,10.943999999999999,1.2164404939859996,0.6445518221130827,2.954587463338501,0.12554715162733268,0.7856619705178871,1.0,1.0,338.69633772459224,250.85684405920537,1.0,375.4897586147395,188.6423799556888,0.2219347350559969
577,17.301000000000002,1.7208752693971825,1.4716758131348644,1.6949393247981526,0.36760785642709204,0.9778742295849983,0.5657243586967325,1.0,196.99173484594004,383.3422021298872,0.2006486814680427,353.65787597150927,231.79717800020816,0.2228416176507159
67,10.283000000000001,0.9543209558746326,1.3888379372204889,1.0024045544948423,0.09042516336530365,0.8567317789055603,0.9030879736,1.0,315.4544175554054,272.87103465102115,0.6443593600222676,376.69971738944304,193.02003909078897,0.5977739976377437
961,17.45,2.217941139733167,4.1784328608116,0.9744282473075397,0.23763569071889498,0.6919082036007372,1.0,1.0,290.57037510728844,296.05979805118494,1.0,,,0.0
140,11.011000000000001,1.5378360955939119,2.4112322495244225,0.5892008934012981,0.14073720718155355,0.7676700623119123,1.0,1.0,349.25699993164505,243.0707619417384,1.0,378.7039923750248,174.52511912865788,0.5467625574260009
661,33.349999999999994,4.916373239672083,16.699222038414316,2.527589580084064,0.19906365673874546,0.6613496780569873,1.0,1.0,266.2478025610867,316.8808688531171,0.6870055294297669,351.0145492553711,126.83514220373972,0.3468040994235447
976,10.794,1.9508482531679765,0.4316641679319764,2.1447422989216665,0.11771208373092427,0.8411638699041635,0.8978608016648681,1.0,337.07789152811546,250.6218868665868,0.8531848441594763,376.2784838851781,185.82555899913376,0.250530155577285
152,11.75,1.1238208260691573,4.22723062972796,0.5344004126605572,0.15114888456647985,0.7323974997149458,1.0,1.0,330.0627450220187,259.1974394147527,0.2696224151239065,376.3393643425279,202.3643585579925,0.2545666065407955
721,10.283999999999999,0.966188830147932,0.6360680233578206,1.8140162102783526,0.11789906639637225,0.8952256818883354,1.0,1.0,317.98862639032035,271.1760531135317,0.2204657635562936,370.9221002448657,207.95127236978007,0.4329611475280154
999,10.443000000000001,0.7735187296197719,1.3287125500295367,0.5844451066791942,,,,,,,0.0,,,0.0
576,10.894,1.3689724430801777,2.3897567976533325,1.383906012454191,,,,,,,0.0,,,0.0
1079,10.55,1.150532034437041,1.9139297046625388,1.6608500045030035,0.10550996925845174,0.853051077412176,0.9495921130096248,1.0,341.57769409106055,248.08019725951408,0.9162467426194576,378.0448322279128,185.7369245381147,0.2332910055778156
66,13.100999999999999,2.0529571735476306,1.5563524646913003,2.889190786171092,,,,,,,0.0,,,0.0
170,10.459999999999999,0.9322474389537233,1.6630053362182988,0.6314124631164233,0.11415022808219154,0.8788191462951912,1.0,1.0,316.7101288837486,272.73298163999834,0.2222977372109188,378.5558433937218,181.5267259282696,0.3309495212270625
679,38.205,2.673719909169302,5.410428680147184,5.615754885202382,0.08218211381612799,0.5349336241566266,0.740389109638554,0.8849685503974154,349.82263842580505,239.33866679305967,0.6711074824596825,390.82337986456014,34.88441700211302,-1.0
367,34.801,2.9590777982259384,7.137777343876999,1.4603471968052275,0.15047952751465304,0.7611708304007453,1.0,1.0,314.5128612543109,273.33559248963985,0.2833650533064388,373.42344086742605,211.9437033642654,0.7085170132510344
201,10.56,1.2573492187584967,1.4890450703127,0.37048723140738876,0.11249709742382359,0.8426609884943729,1.0,1.0,321.94030244026476,266.6270901119291,1.0,359.84995326241034,228.1161798733442,0.2109359557810809
144,15.001,2.628729978727887,3.9858644421150924,2.7912731038630296,0.1443583946009913,0.6406466539977311,1.0,1.0,299.6719253101758,286.7650586679998,0.9747858373922568,379.0106248194337,193.53126643435064,0.2003490545434655
278,10.450000000000001,0.8725440445105495,0.9637115983897816,0.1085948760138381,,,,,,,0.0,,,0.0
812,11.695,2.1585755567852347,3.0690030149394483,4.457112316431738,,,,,,,0.0,,,0.0
326,12.796000000000001,1.9693077862527857,0.8251679147597194,1.627604311868848,0.1710083070630765,0.8158530575639051,1.0,1.0,323.08330103478664,264.9297150292389,0.6007178222077151,367.0715742946668,121.72250493981733,0.3604116897398592
931,11.144,1.2787969517713393,3.526963226465642,1.7714311401003096,0.1486712755499336,0.8472080885685865,1.0,1.0,322.8631375792506,266.14283532973036,1.0,375.1658322996755,205.13865670121376,0.5785334125749246
69,10.301,0.842281192270391,1.4858104294015626,2.044701825322883,0.08042238029526162,0.8846860977684041,0.764750123,1.0,337.85726005234085,251.42886582317936,0.7529500420547666,377.3384748644891,190.0649811068466,0.5226903824062619
740,10.95,0.9353088336861672,2.595866326809917,0.4635369161668034,,,,,,,0.0,,,0.0
546,10.450999999999999,1.0092263356067275,1.7125895857237474,4.991685507591152,,,,,,,0.0,,,0.0
992,17.85,1.4706594713633574,0.7300918081482457,0.25623592306401516,0.09893783856378169,0.5317693367711073,0.3677166355277743,0.9133898019790648,307.39716266781465,278.9244109212325,0.3459409898014714,,,0.0
970,10.51,0.8289554419629281,0.5658973195547627,0.408359920028586,0.08436064457678255,0.8181596610523665,0.963067066079518,1.0,307.54415573051733,280.5198596274991,0.9019807748607304,368.85180910912845,212.9862130851409,0.2088067749185567
864,10.461,2.4376001240659972,0.2575678432668983,1.3597529683017682,,,,,,,0.0,,,0.0
629,14.548,2.576736959411167,3.005434628547699,2.543819649253945,,,,,,,0.0,,,0.0
618,41.101000000000006,1.65486301598131,2.4136481578687494,1.0057638027581732,0.0786869521384433,0.688885318033938,0.8147532699096479,1.0,353.6611221138781,234.67493172761155,0.6120239802607896,406.87889380410815,25.443453370031115,-0.2442294802098514
801,23.907,3.4155615714621756,1.5260754550059668,6.033011962506798,0.13660799868004134,0.7185301428540595,1.0,1.0,289.66857272168346,296.56313837010964,1.0,376.1782542721472,185.97046322074831,0.5484019963784205
426,10.41,1.124697497760066,1.8748978105180936,0.17382289956991598,,,,,,,0.0,,,0.0
420,18.701999999999998,2.3806282865424024,0.8562228830923936,0.4718618215435073,,,,,,,0.0,,,0.0
1,13.25,1.6634593595945193,2.2215324105140875,0.9677484376700223,0.11493562977084888,0.6085036003526555,0.7514895796775818,1.0,327.3423013953334,257.8192416805053,0.5489903576101762,,,0.0
281,13.399999999999999,1.7119127603679447,0.4886369097409346,0.918259165127414,,,,,,,0.0,,,0.0
715,12.895999999999999,3.2541659975610147,1.8400405577670416,1.7507590566232554,,,,,,,0.0,,,0.0
2,22.906,2.9653513965496674,5.483605933968064,7.611682927293222,0.07729473497791578,0.6987880733161791,0.7458869280500778,1.0,330.47333590248815,258.1825839592629,0.7261112564352674,379.5852817984351,196.16556370556393,1.0
237,12.546,1.6115263111994584,1.2381779121117105,1.3780392148955292,,,,,,,0.0,,,0.0
572,10.944,1.7276641926537846,2.2950903201109076,1.275859512268543,,,,,,,0.0,,,0.0
609,10.161,0.9289411590739405,0.9631227450365937,0.94193273632099,0.09108604367713595,0.8286346169187871,1.0,1.0,314.458367561672,274.7212115478516,0.2070420301025328,363.72298859232694,220.6187269516413,0.2442247799664571
467,10.46,0.8631913048600991,0.4587534645431475,0.26340280925382253,0.06277638819358805,0.7707001165060191,0.5595840215682983,1.0,322.8746385313624,266.1553106147894,0.5069921612739563,372.13183359726736,204.89069176754407,0.4528561549810916
933,14.15,1.0985075349865314,1.4023662803583172,0.26975464191558113,,,,,,,0.0,,,0.0
714,14.847999999999999,2.865376741910151,3.094639676344586,0.64414969299602,,,,,,,0.0,,,0.0
657,16.149,5.865566091036333,12.287158675865228,16.519347077303102,0.0649015032977862,0.543937821663686,1.0,1.0,393.0372657893421,183.58011913819456,0.4567433041004977,388.62460858589327,193.22520334458343,0.2974094711436798
611,10.26,0.7518455217726152,0.46281241652596794,0.7797847801832181,0.08834307488588057,0.8577370632161708,0.8956993222236633,1.0,331.0155077689467,258.74447952436856,0.8728288315214416,374.00812763537147,196.09897495926728,0.3665965583412903
513,11.261000000000001,1.5369369114118563,0.4267777427818818,3.531169940486076,0.11708166225605282,0.7662695387182485,0.9834746122,1.0,315.1340641536764,272.5385487319256,0.5501562082109259,,,0.0
649,10.651,0.8577060106506585,1.6514390573548596,0.166254997212273,,,,,,,0.0,,,0.0
528,10.343,1.197135853476543,1.4381600987656835,1.538569672968273,,,,,,,0.0,,,0.0
573,10.744,1.5581145805412497,0.8258872864047521,1.3428775515689544,,,,,,,0.0,,,0.0
148,11.295,1.2260837316823803,2.6692945747499186,4.280518730188366,0.12424191717961956,0.8376637277702199,1.0,1.0,322.0047371017169,266.69377115972026,0.7479571255617797,374.0882172041444,205.46586810668532,0.443744851157478
793,10.694,1.0429835779071939,0.8044148068885046,2.8534901594770687,,,,,,,0.0,,,0.0
651,10.394,1.0645918199092728,1.8713390782288228,0.9063286970159379,,,,,,,0.0,,,0.0
226,12.396,1.7061791458536815,0.4253425860001713,1.5260322890599045,0.06389456920814432,0.652385117498682,0.6546178546763449,0.9288777113,338.4671343715552,249.1808175902556,0.5516730664276805,376.80904863126176,187.64300649601827,0.2613463093313622
309,12.596,0.8642763859069886,0.9915178365847332,1.325545518329537,,,,,,,0.0,,,0.0
51,11.294,1.7562315552523533,1.8956067390289844,3.0525374872754347,,,,,,,0.0,,,0.0
355,20.237,2.9483826522170284,9.415245942606193,5.365215955684054,0.183826083355351,0.7156306246639002,1.0,1.0,354.0516018603725,226.4570741347409,1.0,354.0516018603725,226.4570741347409,-0.8188063030007847
871,11.0,0.7544160936239868,1.8937018653855278,0.0990195061449147,,,,,,,0.0,,,0.0
304,11.594000000000001,2.1941522938267157,1.6641411094706926,5.029120633641102,,,,,,,0.0,,,0.0
794,10.593,1.0707045402729283,1.0553622047389386,0.18005501738817903,,,,,,,0.0,,,0.0
641,10.861,0.9767437537242849,1.1430246612290327,0.2613318786089485,,,,,,,0.0,,,0.0
1074,11.533,1.7913899377653864,3.7362835497010316,5.565209350660407,,,,,,,0.0,,,0.0
615,13.15,2.6731429768956327,10.782551828842386,1.979442901779015,0.06878845932773567,0.5205370917961057,0.684030987118262,0.7507016417151269,342.96812197052583,240.88624808544807,0.6807323307733153,,,0.0
145,10.85,1.0438736199333396,1.0854826506001085,2.1339442459458784,,,,,,,0.0,,,0.0
197,11.21,1.0899904954956428,0.6025289598176573,2.4033758672012997,0.1021660622377272,0.7613861963003875,1.0,1.0,284.6064322547535,302.8189124896885,0.4277839510199851,377.3081124407991,186.05997345301927,0.2314256975552305
113,10.444,0.9089897736025391,0.24437156621239914,1.4995418803304474,0.11652011986116378,0.8231840041930772,1.0,1.0,338.67331774702586,250.8330694410286,1.0,375.9816139707305,188.500134982856,0.2525214847284886
650,10.494,2.070817939378579,0.8379239368956101,2.002918890926285,,,,,,,0.0,,,0.0
1043,12.046000000000001,2.356686411320366,0.9080663432442545,4.734168227226568,,,,,,,0.0,,,0.0
322,11.161000000000001,1.7093905519910977,1.4813639326179804,0.29673781802536936,0.1323272020581541,0.7838876644368016,0.9467126499584269,1.0,315.4169518345409,271.3898793488657,0.2486272015883007,369.23429644718817,213.3772056556755,0.2251012771549848
81,10.611,0.8139760858771173,1.8146425118423009,0.9588779417421315,0.10531468262405556,0.8668652412701869,1.0,1.0,352.3058749615588,236.15134737392165,0.9732098313489624,377.5911502857284,167.3571808363076,0.3654200210640175
1041,12.845,1.0157366675902522,0.6657692264247248,1.2773167509056864,0.0500286473849411,0.5451974013285408,0.8261667111085941,0.8727855086,323.0001520799045,266.28495142949646,0.7810735223059064,377.28925523605744,175.29536446207123,0.2424151261296902
61,11.462,1.3661193675109835,2.5091899626606695,1.0081800958950569,0.13467728099014176,0.8438095398275833,1.0,1.0,330.61558447224166,258.3301197304588,1.0,376.2155010918826,199.06674640177832,0.9720965408232652
389,11.162,1.4256566292228505,1.0825259249671721,0.1811703231598988,,,,,,,0.0,,,0.0
312,10.844000000000001,1.0775484171148695,0.36906033964067886,1.2899165527231229,0.09533406765757055,0.8673829860719046,1.0,1.0,331.3493303464375,259.0900075983,1.0,374.74459666565406,194.39004783152424,0.4273373628246818
724,10.8,1.1100256196120286,2.4367492610033312,3.0587882364452037,0.13414124978539888,0.8780782800088436,1.0,1.0,296.4767958853896,290.6592748630276,0.4206827308869527,363.4862267117888,220.37480109213703,0.2221326789700643
916,10.45,1.255556943443396,0.9227928920715524,0.38444371901175345,0.08915998551851104,0.8183887158953744,1.0,1.0,310.42074458093583,277.7389293875024,0.6713816008561335,367.670430273712,216.06831137933392,0.2033719799373599
366,11.710999999999999,1.2350840953861841,2.254952776223302,0.48886319980531445,0.1646989788306964,0.8323240962061895,1.0,1.0,340.5942176216237,248.50324457536553,1.0,367.473732555656,102.56652345289125,-0.2101341955340409
965,10.744,1.1980438348229492,2.6174837318514075,1.1724935068788422,0.10485884577640572,0.826796516529786,1.0,1.0,334.81104858908645,255.47409265689893,1.0,355.4493146170017,233.64493388089852,0.2802348706210268
1060,11.211,2.0097402299329596,2.9491795425366516,5.442529285632177,0.1163304715801765,0.7867414641834137,1.0,1.0,321.7821773462384,267.90438980250434,0.6068930736218764,380.9415417467552,175.53892497437403,0.2260095932232006
204,11.745,3.250924721804758,0.6111124639558002,7.5556724009474845,0.08674318862393579,0.8910326177260726,1.0,1.0,325.7094537695033,263.3299537049866,0.978367567062378,376.0248553665245,131.66025582039904,-0.2272061896632858
82,10.56,0.7528606740062692,1.708309820439452,0.5631921898770126,0.09533943109900549,0.8375266933844251,1.0,1.0,335.1316786104319,254.3664343012196,0.9642239213,377.3514428171389,191.28058956313367,0.2285767854348238
630,13.064,1.8058463237150888,1.6570415933422589,0.739154405843547,,,,,,,0.0,,,0.0
529,10.393,1.872134643344,0.45915523008568304,1.2964497834489046,,,,,,,0.0,,,0.0
195,11.411,2.2625481609589952,4.646032528403739,3.058410637806296,0.12316891563711165,0.8399674750702784,1.0,1.0,342.1263334507345,247.20905097239228,1.0,381.0703832923025,187.22653569514412,0.6896850810766622
489,11.293999999999999,0.9099389990942227,3.9291297166145815,0.8526504657057034,0.14939792487218545,0.8145561519150009,0.9904739620106514,1.0,348.1452510283796,241.9205631165254,0.8957335009916629,380.0267245335008,184.85179095471528,0.3580426882540707
578,14.297999999999998,1.670396256828625,1.1581522916385991,0.24059018519833245,0.2467368832459081,0.9485361997232256,0.7505530118942261,1.0,340.05612275161866,246.5070120494725,0.7471002688939545,377.2006274820442,187.5281268521552,0.2537514435725999
796,10.744,1.023662891050521,0.5181424765364657,1.4782655608297646,,,,,,,0.0,,,0.0
956,10.644,1.3537159253216562,2.122202962648139,1.5896555547447309,0.08683227536249796,0.8197446227638311,1.0,1.0,361.93908774303634,224.52161452670495,0.5753058855648857,364.3815326781421,221.2919024672048,0.2194739921710246
356,12.161999999999999,2.512063269418552,2.3604154599550062,2.611144578275566,0.10888908157901968,0.8011756104525362,0.9810356004827459,1.0,354.5723414243348,228.42916294426183,0.865656751992765,372.61800096384167,163.18508883947683,-0.2715077900213776
247,10.85,1.1732325182288934,2.507773637265732,2.002796195776207,0.13429082578922844,0.8639676906247541,1.0,1.0,303.18414730781325,284.6452982086142,0.2173663268027796,368.1196227573816,213.6687360027438,0.2024771296863697
684,11.896,1.3548820625829063,1.4520733722256165,1.1022415668691021,,,,,,,0.0,,,0.0
642,10.494,0.7547789198716297,0.24106640280133515,0.720559802560915,,,,,,,0.0,,,0.0
592,10.4,1.1414318592267765,1.7188317288912087,1.0554669239899026,0.09560880961758564,0.8380102409010438,1.0,1.0,311.91883538596227,276.4103192752113,0.8092229129263049,367.9665964545933,216.3707015666556,0.2038358345663433
305,11.495000000000001,1.575204128870453,2.1727674899107594,0.2437832505619675,,,,,,,0.0,,,0.0
303,10.644,1.6415279209775173,0.7353467368214622,2.5124896323624015,,,,,,,0.0,,,0.0
1057,10.360999999999999,0.6966455917110813,0.5363748513592098,0.6801129464118102,0.09179368229568688,0.838203842564313,0.7731747291979415,1.0,339.494655112178,250.24352646136543,0.7461469666643321,376.65272084793406,187.68029896027096,0.2310735322340977
682,11.8,1.6038681735370137,1.4710287368550254,0.18392318367225965,0.12120301197274938,0.8415120535832591,1.0,1.0,294.9777257041265,291.9860608842904,1.0,,,0.0
365,11.361,1.1971639659327618,3.8752779254774294,1.0409788969382594,0.1392075551865156,0.8254047578186486,0.9434846245294376,1.0,314.8433827154816,273.6786137544787,0.7213972626822972,370.50642415206414,216.10422725729563,0.2710492179268689
68,10.184,1.2062432721271135,0.20649687684443266,1.155967986203157,0.09803116333552257,0.8701766966462884,0.9112938215764144,1.0,307.7168750835025,279.2571650168085,0.6024651757455085,364.117002064668,221.02137073245996,0.2428017143548357
202,34.601,5.197953699620787,9.156603989507284,5.275457681904893,0.07745704821675807,0.7686741003560724,0.6000000238,1.0,295.0799857008945,281.984332357162,0.2593043413810674,408.68734851695245,143.5963986459164,1.0
1005,10.594000000000001,0.8374473754304695,0.41829477040465624,0.5252826938948811,0.14412576931285503,0.8387827773971017,1.0,1.0,365.4740788135029,216.6849975258924,1.0,374.8994672268036,192.687964159523,0.2115459273522066
436,12.05,1.3604993342769094,2.163186121601415,0.5141552727535477,0.09179721285087954,0.6668434693984492,0.8194469123865966,1.0,334.95117423285046,255.61865346440135,0.7648273706436157,,,0.0
491,10.795,1.0138756290131115,2.4597826667027887,1.449558072802745,0.1505885710084952,0.8453236722895279,1.0,1.0,343.0061260123684,246.67971312400408,1.0,379.0698021024557,182.37029117669871,0.4921789090684238
1082,18.401,5.13137808276348,2.577471721852331,1.4595618799616756,0.019526559924421778,0.33864481145866887,0.4248941039759588,0.4855150905949674,355.21158233732575,220.48147454077267,0.3425154686238289,381.2467112017774,124.69794026710494,1.0
455,11.044,1.4242755414025285,0.24160382855060458,1.2039596387963427,,,,,,,0.0,,,0.0
787,10.6,1.214924764711961,2.880436879133192,1.3025700364280808,0.10907058528830353,0.8870822716139742,1.0,1.0,298.16454446175334,288.08397377585646,0.2248855560203145,349.8790373466866,239.39630202173308,0.2123343003542905
971,10.844,1.0277497250130672,1.8316854215071414,1.6856684672491953,0.11358736127006466,0.8340021140850022,1.0,1.0,333.1629771641336,256.64731864932213,0.9972903547585714,,,0.0
722,10.399999999999999,1.30813571064496,4.6447235133761335,1.7379710426644426,0.12082631537479545,0.8860468967459982,1.0,1.0,323.1565647262737,265.0060808180936,0.9931210937318716,366.0739059348754,208.72072414299936,0.3090111411135859
512,10.961,2.58852285848642,5.244532728838382,5.016709324081563,,,,,,,0.0,,,0.0
550,11.445,1.107277574029087,2.712635257184698,0.1424424082160699,0.10583584660099732,0.7348947310717051,1.0,1.0,342.6429339843969,246.30418402570027,0.4734600537329901,379.53075037582977,183.1454865267082,0.2906608361899593
861,10.393,0.9071912662264695,1.3293652834481118,1.0108234517834795,,,,,,,0.0,,,0.0
499,11.444999999999999,1.2471692546330113,3.6702870787455915,1.3499451789403354,0.13281716697088836,0.7873820089730083,1.0,1.0,321.33864162486407,267.4442059477625,0.9518733796815682,354.37801520388984,231.10269083364295,0.2086528429607151
325,12.863000000000001,2.4598079830953004,2.470640996865531,4.123567277269413,0.1274223622061955,0.8386486473397188,1.0,1.0,339.95029947473466,249.27577617707612,1.0,379.25699494831906,186.0453180403503,0.5795462202702956
521,10.861,1.6404745483482428,0.8603244350868662,1.1834572039421076,0.1203054671952417,0.8600787714128677,1.0,1.0,331.29272528945285,257.5911172807238,0.9100579942712784,375.85865023916415,194.1208668498882,0.3078198529518752
908,11.112,2.5244604998816156,5.645701606531332,2.9563830084589107,0.10507698903292206,0.8311976040861542,0.9977187032866596,1.0,364.5651730251957,218.61643772758327,0.5892530950359984,364.5651730251957,218.61643772758327,0.2452198579593492
111,10.25,1.1868487698058985,1.7512043754978228,1.4303453079430066,0.08286586992993168,0.8625651330972345,0.8448676467,1.0,292.47971933425737,293.71684640793467,0.4544218414938176,377.8713663538901,173.84772657145487,0.4915985583109655
634,12.946,2.819423569391002,2.326551139610072,2.710019457997015,0.13098815718169954,0.7940738350078603,1.0,1.0,327.26727475768024,259.1820092064768,0.9989884636464532,376.00467761704346,197.16500347754555,0.2230934458373547
741,11.05,1.0434076590793577,0.2817571210357546,0.2066849769160324,,,,,,,0.0,,,0.0
974,10.511000000000001,0.9420679761618873,1.9404541433169848,0.675843500689483,0.10075178044082155,0.8446686369400963,0.962914929762318,1.0,323.34635232097173,263.7613318699608,0.7195390030567868,364.9067353112391,220.39787227919516,0.3601287746000705
1025,10.443,0.7180630290579809,1.1468884983580026,0.5180163173293586,0.14846313351892668,0.8584899817643511,1.0,1.0,316.52852393120975,272.5444732201633,0.2447169701761325,367.9327413316678,214.90666403192088,0.2452229430530233
800,14.047,7.648479814714671,2.6283056582643614,19.237640289588885,0.0,0.6166736325408884,0.0,1.0,,,0.0,375.4991799475566,185.63779348033688,0.2777397133002319
723,11.05,1.3670302624932271,5.132591249394442,0.9458901544091547,0.1288088669043305,0.8787414412818382,1.0,1.0,295.15341102949606,292.16860982805093,1.0,358.48031569829317,226.70805980274253,0.2051855537255208
969,10.443,0.841337564050107,0.6591388606378313,0.4218949726771049,0.09552880355962957,0.8032451175817317,1.0,1.0,374.04047777958806,196.811144770086,0.2211620292341069,370.8492833810376,207.87629896848532,0.2656985501981912
149,10.794,1.0416454119835037,1.6055781104922515,2.780329574955608,0.12022202288248919,0.8653808639367504,1.0,1.0,345.1294961052998,243.11985440810145,1.0,378.2444159479679,178.20694343289318,0.9364888502632128
115,11.549999999999999,1.0434985068168634,1.7608779515955026,0.3936516003151345,,,,,,,0.0,,,0.0
1021,10.809999999999999,0.9404425818698198,0.23275307340391563,2.290841101684563,0.10848430261581356,0.797750823011144,0.95356071,1.0,335.7413165836778,253.5575743179364,0.8908543647281327,372.52021808742415,203.85495479748772,0.2115228059050314
911,10.394,1.4959348281508982,0.28136717391899096,0.17663736538673638,0.0898414980826223,0.8566509999805905,0.9381960743029768,1.0,328.3188724569172,261.7122449587908,0.9379058813926316,374.9324499540508,193.84922690805288,0.3608478448427115
194,11.645,1.9048256644663917,4.90695375307704,1.134766234515285,0.10936699692708496,0.8420075918576886,1.0,1.0,355.49161539099106,232.2505903981445,0.9957440517457654,379.8118236173213,158.79370543665155,1.0
580,12.85,1.2996466562137825,2.3428492594134016,0.6028093874193174,0.05296829061685719,0.4748125371000155,0.533589713802682,0.5956816673278809,343.964305533832,244.79275906626845,0.3505854861336409,,,0.0
975,10.51,0.8893412271127463,0.21643014109503378,0.8634184576104236,0.09549024012186112,0.8182315543992144,0.9440163495481736,1.0,317.4946468404969,270.66484307970535,0.9307088726560692,371.7207380623688,205.90577674077807,0.2008635261125862
968,10.644,1.132841417659628,3.3713957652767186,0.8961290664120461,0.11301678401596062,0.8337801927968118,1.0,1.0,309.1083209729784,279.2604394014554,0.9589175966373092,366.30051359954,214.66988602517648,0.2002813680747276
1042,10.994,0.9626904405166214,1.3170449223341425,1.1564723020020344,0.11115318487964675,0.8165691925650231,1.0,1.0,304.0195523709086,284.0713680179519,0.7277145449251303,375.8454632084794,177.23750696937958,0.2471699457463329
648,12.55,0.9267957135981496,1.6208086619656006,0.11626919322436333,,,,,,,0.0,,,0.0
955,11.395,1.5545068443531698,0.9172580908194683,2.9213468174184776,,,,,,,0.0,,,0.0
587,12.45,1.6010477448851592,1.8727563216315375,7.88197669812853,,,,,,,0.0,,,0.0
203,11.045,1.8804969930992625,1.8855354193004046,2.0218108821323626,0.13574569798455224,0.8359032159099514,1.0,1.0,354.446121199575,231.1729335088566,1.0,374.2866663229679,174.61456390016812,0.2127923621264086
3,12.444999999999999,2.0429635252425666,2.1855960681317765,4.296752788495193,0.07565513212472802,0.5630439223469079,0.7531565426404665,1.0,335.0204094990533,251.37161869083113,0.7455564936330827,373.6556550236929,189.94070324886047,0.4287664951446022
910,10.895,2.145413793273771,6.4181629321785225,0.7109020660024403,0.1203661692036564,0.8324594316304728,1.0,1.0,330.6540032686337,258.36980167239585,1.0,356.5302592502954,227.57323468101063,0.205530624244932
522,11.462,2.1753398988234998,1.699816963348221,2.0832061690322448,0.16928065478501422,0.812740187297251,1.0,1.0,354.81223913745157,232.98783810180407,1.0,354.81223913745157,232.98783810180407,0.6478667121423327
106,10.783,1.1170471657069634,0.2805371527786892,0.09334611054525821,,,,,,,0.0,,,0.0
1006,10.845,1.2278103099604536,0.18085210303036844,0.39807186483492984,0.15411088510739399,0.7923042069083956,1.0,1.0,344.3441022764436,243.7469786364653,0.7918525339061506,377.4248676915492,179.8421028654644,0.4740352720734149
977,10.695,2.4225638457735785,1.1542673605546103,1.3040237039507967,0.10279139853434544,0.8157442473453631,0.9963982260869048,1.0,318.8070316948237,267.7003587499299,0.6147699156732463,374.97778062930945,188.50874411369108,0.2018861367420944
929,12.201,1.3723868798930325,4.088695545382676,1.9718641258845522,0.13270074714423225,0.7472951895027359,1.0,1.0,330.2461765666745,257.94734885209346,1.0,379.7561055787852,164.1520771295252,0.2530333770260418
22,11.962,2.7732277688783387,2.8755768293529034,0.46781301906985134,0.12230723828958671,0.8241478958599837,1.0,1.0,280.42154650199126,301.3600733208275,0.658929328099509,373.78567649042833,186.8869148350851,0.2106954163350133
200,10.81,1.2163129449394607,0.7073829775112256,0.6109949309072721,0.12293379250656833,0.8364189668856367,1.0,1.0,306.00612563560617,281.807531895806,0.2588408745468397,359.9377562371357,228.20653203708488,0.202291394588133
819,10.459999999999999,1.29427134604095,0.5434991781516844,0.8013727620661997,0.12945786992825647,0.8683584789142429,1.0,1.0,327.6128751837892,262.421316154013,1.0,369.2415137506737,213.38503584538816,0.2057677193796596
236,11.194,1.4462208557660299,1.032105752398415,0.5996079124370618,,,,,,,0.0,,,0.0
191,10.411000000000001,1.2016984108740518,2.5843694055542508,1.3772255280137955,0.08913717925343018,0.8474409864076664,0.8081003508866265,1.0,320.960479297705,267.0516837096334,0.7846250168103922,374.4850912024573,203.01580958984485,0.2815002561544583
1018,11.795,2.0848573299294304,2.1702401390467556,0.12252482973561056,0.16614950028144568,0.7918748070209558,1.0,1.0,314.62383157172826,270.56664824320706,0.8209917769375626,371.9522660967224,195.8782889237253,0.2101513068529562
407,11.495000000000001,3.3418833788025237,9.94076840739784,3.681823778291147,,,,,,,0.0,,,0.0
306,10.610000000000001,1.464624933444909,0.6597224676487808,0.13158679617632132,,,,,,,0.0,,,0.0
192,10.895000000000001,1.7658700145159145,0.3934715086008603,1.9178968403443732,0.09063157231526227,0.7595321000313805,1.0,1.0,326.70416739194684,260.03848265051266,0.7978088901692124,373.0132195874057,200.2840173519112,0.3006248035893998
1004,10.444,1.3958780031983382,1.0678685648166069,0.3095129698178181,0.12286016507316602,0.8523156075070139,1.0,1.0,326.97602576544085,261.7612551745847,0.8362532865480813,374.93587409995536,198.21722600212047,0.2096213986057302
1019,10.61,0.9989615705178698,2.406988347582216,1.1679199133505238,0.09806506980167676,0.874785041649745,0.988304019,1.0,326.21454656197847,262.41272020450043,0.9595109880688748,369.25174360981464,214.82389073990325,0.4624194872439966
813,11.360999999999999,1.7012654193685244,0.8387552950281669,3.073462165253561,,,,,,,0.0,,,0.0
398,10.744,1.3973391164441866,0.33245979162135286,0.5701777970049003,0.09793794409202533,0.8325484330603533,0.9953414315770296,1.0,310.47277542938787,276.35032449204414,0.7758440270155091,376.2080532716837,189.6077495141656,0.2028397504785101
932,10.394,1.2949900552966782,0.942673298024628,0.5287320830064447,0.11641324841316915,0.8743830922238002,1.0,1.0,316.2902805930027,272.29695486573775,0.8520858577476289,369.7087235849673,212.43313902104293,0.2534650899121302
1027,11.211,1.3596230027089191,1.1254794360351197,1.3616524569455688,0.08559688659305481,0.7830643044030072,0.9952174410074353,1.0,348.727940378056,238.208146311294,0.6911462144106922,376.39701414343654,182.810469961212,0.2010195322310117
408,13.15,1.969983897880782,0.5633681597624605,1.230779881603705,,,,,,,0.0,,,0.0
369,11.1,1.159353369592241,3.097449366253659,1.7304118031783584,,,,,,,0.0,,,0.0
735,11.043999999999999,1.345667154335648,1.5505915667562553,0.10026248601818466,0.1532499188727517,0.8518573091017446,1.0,1.0,357.70547314260295,227.34687353415495,1.0,357.70547314260295,227.34687353415495,0.2427633476319346
1028,10.611,1.3501150229814707,4.569902369453875,0.4577489510777659,0.09236570521935782,0.8398336377833445,1.0,1.0,336.44774129204075,254.28835446725824,1.0,376.7985690926857,195.92066169200197,0.3328502478198951
313,10.793999999999999,0.9415348086165128,1.3061680516911316,2.0047690414210217,0.12698477320896415,0.8769275818193522,1.0,1.0,312.40673692596016,276.9173651076552,0.2325559731671384,366.49582616916575,219.1595903474564,0.4519368598801982
820,10.511,0.9518878772480334,0.3345545829479796,0.29769443018089686,0.1250246920178815,0.8692206995933849,1.0,1.0,319.1307987752546,269.4779350971716,0.9923512640418412,373.0391335460822,202.95817433290668,0.203524422683271
